Stage,Experiment,Beaker,BeakerID,Population,MatePair,Treatment,Urban,PhotoID,SampleID,BL_mm,AL1_mm,AL2_mm
Pluteus,Exp1,B31,Exp1_B31,Cab,P4,C,Urban,plut_exp1_b31-0002,1,0.172,0.231,0.224
Pluteus,Exp1,B1,Exp1_B1,Cab,P1,C,Urban,plut_exp1_b1-0003,2,0.197,0.261,0.277
Pluteus,Exp1,B1,Exp1_B1,Cab,P1,C,Urban,plut_exp1_b1-0004,3,0.182,,
Pluteus,Exp1,B1,Exp1_B1,Cab,P1,C,Urban,plut_exp1_b1-0009,7,0.183,0.227,0.227
Pluteus,Exp1,B1,Exp1_B1,Cab,P1,C,Urban,plut_exp1_b1-0012,10,0.152,0.179,0.179
Pluteus,Exp1,B1,Exp1_B1,Cab,P1,C,Urban,plut_exp1_b1-0014,11,0.155,0.185,0.185
Pluteus,Exp1,B1,Exp1_B1,Cab,P1,C,Urban,plut_exp1_b1-0022,19,0.192,0.235,0.21
Pluteus,Exp1,B1,Exp1_B1,Cab,P1,C,Urban,plut_exp1_b1-0024,21,0.197,0.235,0.236
Pluteus,Exp1,B5,Exp1_B5,Twp,P3,C,Nonurban,plut_exp1_b5-0003,2,0.203,0.281,0.256
Pluteus,Exp1,B5,Exp1_B5,Twp,P3,C,Nonurban,plut_exp1_b5-0005,4,0.203,0.246,0.256
Pluteus,Exp1,B5,Exp1_B5,Twp,P3,C,Nonurban,plut_exp1_b5-0006,5,0.234,0.276,0.284
Pluteus,Exp1,B5,Exp1_B5,Twp,P3,C,Nonurban,plut_exp1_b5-0007,6,0.211,0.282,0.258
Pluteus,Exp1,B5,Exp1_B5,Twp,P3,C,Nonurban,plut_exp1_b5-0009,8,0.219,0.284,0.273
Pluteus,Exp1,B5,Exp1_B5,Twp,P3,C,Nonurban,plut_exp1_b5-0010,9,0.219,0.288,0.293
Pluteus,Exp1,B5,Exp1_B5,Twp,P3,C,Nonurban,plut_exp1_b5-0013,12,0.212,0.266,0.27
Pluteus,Exp1,B5,Exp1_B5,Twp,P3,C,Nonurban,plut_exp1_b5-0017,16,0.2,0.228,0.239
Pluteus,Exp1,B5,Exp1_B5,Twp,P3,C,Nonurban,plut_exp1_b5-0023,22,0.21,0.276,0.264
Pluteus,Exp1,B5,Exp1_B5,Twp,P3,C,Nonurban,plut_exp1_b5-0025,24,0.223,0.27,0.27
Pluteus,Exp1,B5,Exp1_B5,Twp,P3,C,Nonurban,plut_exp1_b5-0036,36,0.195,0.27,0.236
Pluteus,Exp1,B5,Exp1_B5,Twp,P3,C,Nonurban,plut_exp1_b5-0037,37,0.222,0.284,0.283
Pluteus,Exp1,B5,Exp1_B5,Twp,P3,C,Nonurban,plut_exp1_b5-0038,44,0.216,0.275,0.276
Pluteus,Exp1,B5,Exp1_B5,Twp,P3,C,Nonurban,plut_exp1_b5-0050,50,0.229,0.305,0.292
Pluteus,Exp1,B5,Exp1_B5,Twp,P3,C,Nonurban,plut_exp1_b5-0051,51,0.227,0.297,0.296
Pluteus,Exp1,B5,Exp1_B5,Twp,P3,C,Nonurban,plut_exp1_b5-0059,60,0.223,0.285,0.29
Pluteus,Exp1,B5,Exp1_B5,Twp,P3,C,Nonurban,plut_exp1_b5-0062,63,0.21,0.274,0.278
Pluteus,Exp1,B5,Exp1_B5,Twp,P3,C,Nonurban,plut_exp1_b5-0063,64,0.225,0.276,0.285
Pluteus,Exp1,B12,Exp1_B12,Trp,P4,C,Nonurban,plut_exp1_b12-0002,1,0.215,0.254,0.249
Pluteus,Exp1,B12,Exp1_B12,Trp,P4,C,Nonurban,plut_exp1_b12-0007,6,0.164,0.199,0.192
Pluteus,Exp1,B12,Exp1_B12,Trp,P4,C,Nonurban,plut_exp1_b12-0013,12,0.231,0.252,0.25
Pluteus,Exp1,B12,Exp1_B12,Trp,P4,C,Nonurban,plut_exp1_b12-0021,20,0.17,0.206,0.174
Pluteus,Exp1,B12,Exp1_B12,Trp,P4,C,Nonurban,plut_exp1_b12-0024,22,0.201,0.222,0.231
Pluteus,Exp1,B12,Exp1_B12,Trp,P4,C,Nonurban,plut_exp1_b12-0029,28,0.145,0.169,0.156
Pluteus,Exp1,B12,Exp1_B12,Trp,P4,C,Nonurban,plut_exp1_b12-0050,50,0.173,0.192,0.189
Pluteus,Exp1,B12,Exp1_B12,Trp,P4,C,Nonurban,plut_exp1_b12-0052,52,0.212,0.244,0.228
Pluteus,Exp1,B12,Exp1_B12,Trp,P4,C,Nonurban,plut_exp1_b12-0055,55,0.182,0.196,0.199
Pluteus,Exp1,B12,Exp1_B12,Trp,P4,C,Nonurban,plut_exp1_b12-0057,57,0.219,0.241,0.249
Pluteus,Exp1,B12,Exp1_B12,Trp,P4,C,Nonurban,plut_exp1_b12-0058,58,0.174,0.195,0.174
Pluteus,Exp1,B14,Exp1_B14,Trp,P1,C,Nonurban,plut_exp1_b14-0002,1,0.201,0.252,0.252
Pluteus,Exp1,B14,Exp1_B14,Trp,P1,C,Nonurban,plut_exp1_b14-0003,2,0.226,0.278,0.256
Pluteus,Exp1,B14,Exp1_B14,Trp,P1,C,Nonurban,plut_exp1_b14-0004,3,0.176,0.228,0.217
Pluteus,Exp1,B14,Exp1_B14,Trp,P1,C,Nonurban,plut_exp1_b14-0011,9,0.211,0.282,0.264
Pluteus,Exp1,B14,Exp1_B14,Trp,P1,C,Nonurban,plut_exp1_b14-0013,10,0.216,0.275,0.28
Pluteus,Exp1,B14,Exp1_B14,Trp,P1,C,Nonurban,plut_exp1_b14-0017,14,0.216,0.298,0.291
Pluteus,Exp1,B14,Exp1_B14,Trp,P1,C,Nonurban,plut_exp1_b14-0022,19,0.22,0.283,0.283
Pluteus,Exp1,B14,Exp1_B14,Trp,P1,C,Nonurban,plut_exp1_b14-0026,22,0.215,0.287,0.285
Pluteus,Exp1,B14,Exp1_B14,Trp,P1,C,Nonurban,plut_exp1_b14-0028,24,0.216,0.283,0.281
Pluteus,Exp1,B14,Exp1_B14,Trp,P1,C,Nonurban,plut_exp1_b14-0029,25,0.227,0.293,0.29
Pluteus,Exp1,B14,Exp1_B14,Trp,P1,C,Nonurban,plut_exp1_b14-0030,26,0.226,0.288,0.283
Pluteus,Exp1,B14,Exp1_B14,Trp,P1,C,Nonurban,plut_exp1_b14-0031,27,0.218,0.29,0.288
Pluteus,Exp1,B14,Exp1_B14,Trp,P1,C,Nonurban,plut_exp1_b14-0032,28,0.23,0.283,0.284
Pluteus,Exp1,B14,Exp1_B14,Trp,P1,C,Nonurban,plut_exp1_b14-0034,30,0.22,0.289,0.294
Pluteus,Exp1,B14,Exp1_B14,Trp,P1,C,Nonurban,plut_exp1_b14-0039,35,0.193,0.277,0.277
Pluteus,Exp1,B14,Exp1_B14,Trp,P1,C,Nonurban,plut_exp1_b14-0040,36,0.234,0.309,0.283
Pluteus,Exp1,B14,Exp1_B14,Trp,P1,C,Nonurban,plut_exp1_b14-0041,37,0.224,0.282,0.286
Pluteus,Exp1,B14,Exp1_B14,Trp,P1,C,Nonurban,plut_exp1_b14-0043,39,0.207,0.291,0.283
Pluteus,Exp1,B14,Exp1_B14,Trp,P1,C,Nonurban,plut_exp1_b14-0044,40,0.222,0.29,0.301
Pluteus,Exp1,B14,Exp1_B14,Trp,P1,C,Nonurban,plut_exp1_b14-0046,42,0.227,0.285,0.291
Pluteus,Exp1,B14,Exp1_B14,Trp,P1,C,Nonurban,plut_exp1_b14-0047,43,0.229,0.295,0.289
Pluteus,Exp1,B14,Exp1_B14,Trp,P1,C,Nonurban,plut_exp1_b14-0051,47,0.222,0.305,0.29
Pluteus,Exp1,B14,Exp1_B14,Trp,P1,C,Nonurban,plut_exp1_b14-0053,49,0.221,0.289,0.276
Pluteus,Exp1,B14,Exp1_B14,Trp,P1,C,Nonurban,plut_exp1_b14-0057,52,0.204,0.282,0.259
Pluteus,Exp1,B14,Exp1_B14,Trp,P1,C,Nonurban,plut_exp1_b14-0059,54,0.176,0.216,0.218
Pluteus,Exp1,B14,Exp1_B14,Trp,P1,C,Nonurban,plut_exp1_b14-0060,55,0.195,0.264,0.239
Pluteus,Exp1,B14,Exp1_B14,Trp,P1,C,Nonurban,plut_exp1_b14-0061,56,0.199,0.265,0.267
Pluteus,Exp1,B14,Exp1_B14,Trp,P1,C,Nonurban,plut_exp1_b14-0062,57,0.182,0.289,0.266
Pluteus,Exp1,B14,Exp1_B14,Trp,P1,C,Nonurban,plut_exp1_b14-0063,58,0.221,0.289,0.298
Pluteus,Exp1,B14,Exp1_B14,Trp,P1,C,Nonurban,plut_exp1_b14-0066,61,0.21,0.286,0.288
Pluteus,Exp1,B14,Exp1_B14,Trp,P1,C,Nonurban,plut_exp1_b14-0068,20,0.217,0.279,0.278
Pluteus,Exp1,B20,Exp1_B20,Trp,P3,C,Nonurban,plut_exp1_b20-0003,2,0.221,0.25,0.267
Pluteus,Exp1,B20,Exp1_B20,Trp,P3,C,Nonurban,plut_exp1_b20-0007,6,0.222,0.272,0.268
Pluteus,Exp1,B20,Exp1_B20,Trp,P3,C,Nonurban,plut_exp1_b20-0010,8,0.221,0.26,0.254
Pluteus,Exp1,B20,Exp1_B20,Trp,P3,C,Nonurban,plut_exp1_b20-0012,10,0.209,0.248,0.26
Pluteus,Exp1,B20,Exp1_B20,Trp,P3,C,Nonurban,plut_exp1_b20-0012,11,0.173,0.202,0.22
Pluteus,Exp1,B20,Exp1_B20,Trp,P3,C,Nonurban,plut_exp1_b20-0013,12,0.209,0.25,0.238
Pluteus,Exp1,B20,Exp1_B20,Trp,P3,C,Nonurban,plut_exp1_b20-0015,14,0.209,0.259,0.241
Pluteus,Exp1,B20,Exp1_B20,Trp,P3,C,Nonurban,plut_exp1_b20-0016,15,0.192,0.226,0.227
Pluteus,Exp1,B20,Exp1_B20,Trp,P3,C,Nonurban,plut_exp1_b20-0022,21,0.211,0.264,0.251
Pluteus,Exp1,B20,Exp1_B20,Trp,P3,C,Nonurban,plut_exp1_b20-0028,27,0.174,0.21,0.18
Pluteus,Exp1,B20,Exp1_B20,Trp,P3,C,Nonurban,plut_exp1_b20-0030,30,0.166,0.206,0.208
Pluteus,Exp1,B20,Exp1_B20,Trp,P3,C,Nonurban,plut_exp1_b20-0031,31,0.19,0.255,0.245
Pluteus,Exp1,B20,Exp1_B20,Trp,P3,C,Nonurban,plut_exp1_b20-0032,32,0.192,0.224,0.231
Pluteus,Exp1,B20,Exp1_B20,Trp,P3,C,Nonurban,plut_exp1_b20-0042,42,0.21,0.238,0.231
Pluteus,Exp1,B20,Exp1_B20,Trp,P3,C,Nonurban,plut_exp1_b20-0043,43,0.2,0.215,0.244
Pluteus,Exp1,B20,Exp1_B20,Trp,P3,C,Nonurban,plut_exp1_b20-0049,49,0.2,0.235,0.232
Pluteus,Exp1,B20,Exp1_B20,Trp,P3,C,Nonurban,plut_exp1_b20-0052,53,0.186,0.231,0.22
Pluteus,Exp1,B20,Exp1_B20,Trp,P3,C,Nonurban,plut_exp1_b20-0053,54,0.189,0.231,0.22
Pluteus,Exp1,B20,Exp1_B20,Trp,P3,C,Nonurban,plut_exp1_b20-0056,57,0.177,0.232,0.203
Pluteus,Exp1,B20,Exp1_B20,Trp,P3,C,Nonurban,plut_exp1_b20-0057,58,0.195,0.22,0.23
Pluteus,Exp1,B13,Exp1_B13,Wh,P3,C,Urban,plut_exp1_b13-0002,1,0.196,0.262,0.24
Pluteus,Exp1,B13,Exp1_B13,Wh,P3,C,Urban,plut_exp1_b13-0003,2,0.198,0.249,0.269
Pluteus,Exp1,B13,Exp1_B13,Wh,P3,C,Urban,plut_exp1_b13-0006,5,0.214,0.256,0.262
Pluteus,Exp1,B13,Exp1_B13,Wh,P3,C,Urban,plut_exp1_b13-0014,13,0.225,0.299,0.281
Pluteus,Exp1,B13,Exp1_B13,Wh,P3,C,Urban,plut_exp1_b13-0016,15,0.215,0.285,0.295
Pluteus,Exp1,B13,Exp1_B13,Wh,P3,C,Urban,plut_exp1_b13-0018,17,0.2,0.249,0.254
Pluteus,Exp1,B13,Exp1_B13,Wh,P3,C,Urban,plut_exp1_b13-0021,20,0.223,0.277,0.28
Pluteus,Exp1,B13,Exp1_B13,Wh,P3,C,Urban,plut_exp1_b13-0022,21,0.233,0.298,0.296
Pluteus,Exp1,B13,Exp1_B13,Wh,P3,C,Urban,plut_exp1_b13-0023,22,0.224,0.246,0.269
Pluteus,Exp1,B13,Exp1_B13,Wh,P3,C,Urban,plut_exp1_b13-0024,23,0.233,0.287,0.302
Pluteus,Exp1,B22,Exp1_B22,Twp,P4,C,Nonurban,plut_exp1_b22-0004,3,0.189,0.22,0.224
Pluteus,Exp1,B22,Exp1_B22,Twp,P4,C,Nonurban,plut_exp1_b22-0005,4,0.18,0.212,0.215
Pluteus,Exp1,B22,Exp1_B22,Twp,P4,C,Nonurban,plut_exp1_b22-0006,5,0.166,0.174,0.186
Pluteus,Exp1,B22,Exp1_B22,Twp,P4,C,Nonurban,plut_exp1_b22-0008,7,0.154,0.185,0.175
Pluteus,Exp1,B22,Exp1_B22,Twp,P4,C,Nonurban,plut_exp1_b22-0009,8,0.188,0.22,0.228
Pluteus,Exp1,B22,Exp1_B22,Twp,P4,C,Nonurban,plut_exp1_b22-0013,13,0.187,0.217,0.223
Pluteus,Exp1,B22,Exp1_B22,Twp,P4,C,Nonurban,plut_exp1_b22-0014,14,0.184,0.206,0.207
Pluteus,Exp1,B22,Exp1_B22,Twp,P4,C,Nonurban,plut_exp1_b22-0015,15,0.153,0.19,0.18
Pluteus,Exp1,B22,Exp1_B22,Twp,P4,C,Nonurban,plut_exp1_b22-0016,17,0.172,0.188,0.194
Pluteus,Exp1,B22,Exp1_B22,Twp,P4,C,Nonurban,plut_exp1_b22-0017,18,0.18,0.185,0.184
Pluteus,Exp1,B22,Exp1_B22,Twp,P4,C,Nonurban,plut_exp1_b22-0024,25,0.183,0.206,0.21
Pluteus,Exp1,B22,Exp1_B22,Twp,P4,C,Nonurban,plut_exp1_b22-0025,26,0.168,0.192,0.191
Pluteus,Exp1,B22,Exp1_B22,Twp,P4,C,Nonurban,plut_exp1_b22-0027,28,0.143,0.168,0.154
Pluteus,Exp1,B22,Exp1_B22,Twp,P4,C,Nonurban,plut_exp1_b22-0028,29,0.173,0.187,0.195
Pluteus,Exp1,B22,Exp1_B22,Twp,P4,C,Nonurban,plut_exp1_b22-0032,33,0.19,0.21,0.205
Pluteus,Exp1,B22,Exp1_B22,Twp,P4,C,Nonurban,plut_exp1_b22-0034,35,0.142,0.171,0.16
Pluteus,Exp1,B22,Exp1_B22,Twp,P4,C,Nonurban,plut_exp1_b22-0036,38,0.184,0.208,0.218
Pluteus,Exp1,B22,Exp1_B22,Twp,P4,C,Nonurban,plut_exp1_b22-0040,42,0.158,0.166,0.168
Pluteus,Exp1,B22,Exp1_B22,Twp,P4,C,Nonurban,plut_exp1_b22-0049,52,0.138,0.145,0.155
Pluteus,Exp1,B22,Exp1_B22,Twp,P4,C,Nonurban,plut_exp1_b22-0051,54,0.176,0.207,0.201
Pluteus,Exp1,B22,Exp1_B22,Twp,P4,C,Nonurban,plut_exp1_b22-0053,56,0.163,0.191,0.191
Pluteus,Exp1,B22,Exp1_B22,Twp,P4,C,Nonurban,plut_exp1_b22-0057,60,0.158,0.181,0.18
Pluteus,Exp1,B22,Exp1_B22,Twp,P4,C,Nonurban,plut_exp1_b22-0058,61,0.178,0.206,0.207
Pluteus,Exp1,B22,Exp1_B22,Twp,P4,C,Nonurban,plut_exp1_b22-0060,63,0.196,0.227,0.227
Pluteus,Exp1,B22,Exp1_B22,Twp,P4,C,Nonurban,plut_exp1_b22-0061,64,0.184,0.199,0.209
Pluteus,Exp1,B22,Exp1_B22,Twp,P4,C,Nonurban,plut_exp1_b22-0063,66,0.167,0.193,0.188
Pluteus,Exp1,B26,Exp1_B26,Twp,P2,C,Nonurban,plut_exp1_b23-0004,3,0.196,0.244,0.229
Pluteus,Exp1,B26,Exp1_B26,Twp,P2,C,Nonurban,plut_exp1_b23-0005,5,0.229,0.281,0.295
Pluteus,Exp1,B26,Exp1_B26,Twp,P2,C,Nonurban,plut_exp1_b23-0013,13,0.221,0.289,0.278
Pluteus,Exp1,B26,Exp1_B26,Twp,P2,C,Nonurban,plut_exp1_b23-0023,21,0.212,0.28,0.279
Pluteus,Exp1,B26,Exp1_B26,Twp,P2,C,Nonurban,plut_exp1_b23-0025,22,0.196,0.25,0.231
Pluteus,Exp1,B26,Exp1_B26,Twp,P2,C,Nonurban,plut_exp1_b23-0027,24,0.242,0.315,0.306
Pluteus,Exp1,B26,Exp1_B26,Twp,P2,C,Nonurban,plut_exp1_b23-0028,26,0.23,0.296,0.304
Pluteus,Exp1,B26,Exp1_B26,Twp,P2,C,Nonurban,plut_exp1_b23-0033,31,0.211,0.272,0.24
Pluteus,Exp1,B26,Exp1_B26,Twp,P2,C,Nonurban,plut_exp1_b26-0007,6,0.187,0.243,0.243
Pluteus,Exp1,B26,Exp1_B26,Twp,P2,C,Nonurban,plut_exp1_b26-0010,8,0.17,0.177,0.188
Pluteus,Exp1,B26,Exp1_B26,Twp,P2,C,Nonurban,plut_exp1_b26-0011,9,0.222,0.224,0.23
Pluteus,Exp1,B26,Exp1_B26,Twp,P2,C,Nonurban,plut_exp1_b26-0017,14,0.2,0.23,0.223
Pluteus,Exp1,B26,Exp1_B26,Twp,P2,C,Nonurban,plut_exp1_b26-0022,18,0.203,0.23,0.224
Pluteus,Exp1,B26,Exp1_B26,Twp,P2,C,Nonurban,plut_exp1_b26-0023,19,0.215,0.26,0.254
Pluteus,Exp1,B29,Exp1_B29,Trp,P2,C,Nonurban,plut_exp1_b29-0026,26,0.181,0.19,0.193
Pluteus,Exp1,B29,Exp1_B29,Trp,P2,C,Nonurban,plut_exp1_b29-0029,29,0.163,0.179,0.192
Pluteus,Exp1,B29,Exp1_B29,Trp,P2,C,Nonurban,plut_exp1_b29-0032,32,0.163,0.178,0.194
Pluteus,Exp1,B29,Exp1_B29,Trp,P2,C,Nonurban,plut_exp1_b29-0044,45,0.151,0.16,0.165
Pluteus,Exp1,B29,Exp1_B29,Trp,P2,C,Nonurban,plut_exp1_b29-0048,49,0.193,0.217,0.212
Pluteus,Exp1,B29,Exp1_B29,Trp,P2,C,Nonurban,plut_exp1_b29-0056,57,0.16,0.157,0.173
Pluteus,Exp1,B29,Exp1_B29,Trp,P2,C,Nonurban,plut_exp1_b29-0057,58,0.157,0.184,0.153
Pluteus,Exp1,B31,Exp1_B31,Cab,P4,C,Urban,plut_exp1_b30-0007,5,0.207,0.246,0.24
Pluteus,Exp1,B31,Exp1_B31,Cab,P4,C,Urban,plut_exp1_b30-0009,7,0.213,0.248,0.248
Pluteus,Exp1,B31,Exp1_B31,Cab,P4,C,Urban,plut_exp1_b30-0011,9,0.215,0.251,0.239
Pluteus,Exp1,B31,Exp1_B31,Cab,P4,C,Urban,plut_exp1_b30-0012,10,0.189,0.232,0.228
Pluteus,Exp1,B31,Exp1_B31,Cab,P4,C,Urban,plut_exp1_b30-0017,15,0.183,0.211,0.219
Pluteus,Exp1,B31,Exp1_B31,Cab,P4,C,Urban,plut_exp1_b30-0024,22,0.195,0.227,0.229
Pluteus,Exp1,B31,Exp1_B31,Cab,P4,C,Urban,plut_exp1_b30-0027,25,0.194,0.245,0.225
Pluteus,Exp1,B31,Exp1_B31,Cab,P4,C,Urban,plut_exp1_b30-0029,27,0.201,0.258,0.237
Pluteus,Exp1,B31,Exp1_B31,Cab,P4,C,Urban,plut_exp1_b30-0035,34,0.191,0.219,0.222
Pluteus,Exp1,B31,Exp1_B31,Cab,P4,C,Urban,plut_exp1_b30-0040,39,0.159,0.176,0.171
Pluteus,Exp1,B31,Exp1_B31,Cab,P4,C,Urban,plut_exp1_b30-0041,40,0.211,0.259,0.242
Pluteus,Exp1,B31,Exp1_B31,Cab,P4,C,Urban,plut_exp1_b30-0043,42,0.222,0.259,0.253
Pluteus,Exp1,B31,Exp1_B31,Cab,P4,C,Urban,plut_exp1_b30-0045,44,0.209,0.247,0.244
Pluteus,Exp1,B31,Exp1_B31,Cab,P4,C,Urban,plut_exp1_b30-0051,49,0.178,0.205,0.18
Pluteus,Exp2,B1,Exp2_B1,Cab,P5,C,Urban,plut_exp2_b1-0002,1,0.175,0.213,0.188
Pluteus,Exp2,B1,Exp2_B1,Cab,P5,C,Urban,plut_exp2_b1-0005,4,0.195,0.235,0.224
Pluteus,Exp2,B1,Exp2_B1,Cab,P5,C,Urban,plut_exp2_b1-0006,5,0.162,0.207,0.21
Pluteus,Exp2,B1,Exp2_B1,Cab,P5,C,Urban,plut_exp2_b1-0008,7,0.19,0.265,0.225
Pluteus,Exp2,B1,Exp2_B1,Cab,P5,C,Urban,plut_exp2_b1-0015,14,0.21,0.247,0.251
Pluteus,Exp2,B1,Exp2_B1,Cab,P5,C,Urban,plut_exp2_b1-0020,19,0.223,0.26,0.265
Pluteus,Exp2,B1,Exp2_B1,Cab,P5,C,Urban,plut_exp2_b1-0022,22,0.211,0.273,0.271
Pluteus,Exp2,B1,Exp2_B1,Cab,P5,C,Urban,plut_exp2_b1-0023,23,0.201,0.229,0.239
Pluteus,Exp2,B1,Exp2_B1,Cab,P5,C,Urban,plut_exp2_b1-0028,28,0.174,0.214,0.205
Pluteus,Exp2,B1,Exp2_B1,Cab,P5,C,Urban,plut_exp2_b1-0033,33,0.18,0.214,0.206
Pluteus,Exp2,B1,Exp2_B1,Cab,P5,C,Urban,plut_exp2_b1-0038,38,0.184,0.233,0.233
Pluteus,Exp2,B1,Exp2_B1,Cab,P5,C,Urban,plut_exp2_b1-0044,44,0.145,0.181,0.187
Pluteus,Exp2,B1,Exp2_B1,Cab,P5,C,Urban,plut_exp2_b1-0046,46,0.221,0.271,0.265
Pluteus,Exp2,B1,Exp2_B1,Cab,P5,C,Urban,plut_exp2_b1-0047,47,0.208,0.258,0.254
Pluteus,Exp2,B1,Exp2_B1,Cab,P5,C,Urban,plut_exp2_b1-0049,49,0.188,0.242,0.239
Pluteus,Exp2,B1,Exp2_B1,Cab,P5,C,Urban,plut_exp2_b1-0052,52,0.208,0.26,0.264
Pluteus,Exp2,B1,Exp2_B1,Cab,P5,C,Urban,plut_exp2_b1-0053,53,0.214,0.254,0.269
Pluteus,Exp2,B1,Exp2_B1,Cab,P5,C,Urban,plut_exp2_b1-0057,57,0.172,0.208,0.184
Pluteus,Exp2,B1,Exp2_B1,Cab,P5,C,Urban,plut_exp2_b1-0058,58,0.221,0.274,0.258
Pluteus,Exp2,B1,Exp2_B1,Cab,P5,C,Urban,plut_exp2_b1-0061,61,0.222,0.277,0.267
Pluteus,Exp2,B1,Exp2_B1,Cab,P5,C,Urban,plut_exp2_b1-0062,62,0.21,0.214,0.211
Pluteus,Exp2,B4,Exp2_B4,Trp,P6,NP,Nonurban,plut_exp2_b4-0018,18,0.151,0.166,0.179
Pluteus,Exp2,B5,Exp2_B5,Twp,P7,C,Nonurban,plut_exp2_b5-0002,1,0.242,0.337,0.347
Pluteus,Exp2,B5,Exp2_B5,Twp,P7,C,Nonurban,plut_exp2_b5-0007,6,0.248,0.345,0.355
Pluteus,Exp2,B5,Exp2_B5,Twp,P7,C,Nonurban,plut_exp2_b5-0008,7,0.251,0.359,0.35
Pluteus,Exp2,B5,Exp2_B5,Twp,P7,C,Nonurban,plut_exp2_b5-0011,10,0.242,0.332,0.348
Pluteus,Exp2,B5,Exp2_B5,Twp,P7,C,Nonurban,plut_exp2_b5-0012,11,0.228,0.329,0.3
Pluteus,Exp2,B5,Exp2_B5,Twp,P7,C,Nonurban,plut_exp2_b5-0015,13,0.208,0.322,0.322
Pluteus,Exp2,B5,Exp2_B5,Twp,P7,C,Nonurban,plut_exp2_b5-0016,14,0.23,0.331,0.339
Pluteus,Exp2,B5,Exp2_B5,Twp,P7,C,Nonurban,plut_exp2_b5-0017,15,0.238,0.328,0.33
Pluteus,Exp2,B5,Exp2_B5,Twp,P7,C,Nonurban,plut_exp2_b5-0021,18,0.241,0.369,0.367
Pluteus,Exp2,B5,Exp2_B5,Twp,P7,C,Nonurban,plut_exp2_b5-0024,21,0.198,0.308,0.318
Pluteus,Exp2,B5,Exp2_B5,Twp,P7,C,Nonurban,plut_exp2_b5-0027,24,0.256,0.347,0.353
Pluteus,Exp2,B5,Exp2_B5,Twp,P7,C,Nonurban,plut_exp2_b5-0028,25,0.231,0.332,0.328
Pluteus,Exp2,B5,Exp2_B5,Twp,P7,C,Nonurban,plut_exp2_b5-0030,27,0.234,0.328,0.327
Pluteus,Exp2,B5,Exp2_B5,Twp,P7,C,Nonurban,plut_exp2_b5-0031,28,0.254,0.363,0.35
Pluteus,Exp2,B5,Exp2_B5,Twp,P7,C,Nonurban,plut_exp2_b5-0036,32,0.241,0.354,0.361
Pluteus,Exp2,B5,Exp2_B5,Twp,P7,C,Nonurban,plut_exp2_b5-0037,33,0.247,0.366,0.358
Pluteus,Exp2,B5,Exp2_B5,Twp,P7,C,Nonurban,plut_exp2_b5-0039,35,0.218,0.336,0.326
Pluteus,Exp2,B6,Exp2_B6,Wh,P8,C,Urban,plut_exp2_b6-0004,3,0.235,0.291,0.299
Pluteus,Exp2,B6,Exp2_B6,Wh,P8,C,Urban,plut_exp2_b6-0007,7,0.141,0.174,0.172
Pluteus,Exp2,B6,Exp2_B6,Wh,P8,C,Urban,plut_exp2_b6-0012,10,0.199,0.25,0.241
Pluteus,Exp2,B6,Exp2_B6,Wh,P8,C,Urban,plut_exp2_b6-0013,11,0.216,0.27,0.277
Pluteus,Exp2,B6,Exp2_B6,Wh,P8,C,Urban,plut_exp2_b6-0014,12,0.21,0.276,0.284
Pluteus,Exp2,B6,Exp2_B6,Wh,P8,C,Urban,plut_exp2_b6-0017,16,0.222,0.288,0.289
Pluteus,Exp2,B6,Exp2_B6,Wh,P8,C,Urban,plut_exp2_b6-0019,19,0.212,0.264,0.254
Pluteus,Exp2,B6,Exp2_B6,Wh,P8,C,Urban,plut_exp2_b6-0022,23,0.21,0.281,0.275
Pluteus,Exp2,B7,Exp2_B7,Trp,P7,NP,Nonurban,plut_exp2_b7-0007,6,0.187,0.219,0.217
Pluteus,Exp2,B7,Exp2_B7,Trp,P7,NP,Nonurban,plut_exp2_b7-0013,12,0.181,0.214,0.215
Pluteus,Exp2,B7,Exp2_B7,Trp,P7,NP,Nonurban,plut_exp2_b7-0013,13,0.218,0.251,0.261
Pluteus,Exp2,B7,Exp2_B7,Trp,P7,NP,Nonurban,plut_exp2_b7-0018,18,0.213,0.247,0.247
Pluteus,Exp2,B7,Exp2_B7,Trp,P7,NP,Nonurban,plut_exp2_b7-0031,30,0.193,0.236,0.236
Pluteus,Exp2,B7,Exp2_B7,Trp,P7,NP,Nonurban,plut_exp2_b7-0042,42,0.212,0.225,0.252
Pluteus,Exp2,B7,Exp2_B7,Trp,P7,NP,Nonurban,plut_exp2_b7-0048,49,0.181,0.2,0.214
Pluteus,Exp2,B7,Exp2_B7,Trp,P7,NP,Nonurban,plut_exp2_b7-0051,53,0.207,0.232,0.237
Pluteus,Exp2,B7,Exp2_B7,Trp,P7,NP,Nonurban,plut_exp2_b7-0052,54,0.196,0.21,0.221
Pluteus,Exp2,B7,Exp2_B7,Trp,P7,NP,Nonurban,plut_exp2_b7-0058,60,0.189,0.21,0.22
Pluteus,Exp2,B7,Exp2_B7,Trp,P7,NP,Nonurban,plut_exp2_b7-0059,61,0.213,0.236,0.248
Pluteus,Exp2,B7,Exp2_B7,Trp,P7,NP,Nonurban,plut_exp2_b7-0062,64,0.171,0.187,0.198
Pluteus,Exp2,B7,Exp2_B7,Trp,P7,NP,Nonurban,plut_exp2_b7-0065,67,0.19,0.203,0.213
Pluteus,Exp2,B9,Exp2_B9,Wh,P8,NP,Urban,plut_exp2_b9-0007,7,0.174,0.212,0.191
Pluteus,Exp2,B9,Exp2_B9,Wh,P8,NP,Urban,plut_exp2_b9-0009,10,0.191,0.235,0.225
Pluteus,Exp2,B9,Exp2_B9,Wh,P8,NP,Urban,plut_exp2_b9-0012,14,0.178,0.2,0.198
Pluteus,Exp2,B9,Exp2_B9,Wh,P8,NP,Urban,plut_exp2_b9-0016,17,0.197,0.226,0.235
Pluteus,Exp2,B9,Exp2_B9,Wh,P8,NP,Urban,plut_exp2_b9-0020,21,0.172,0.195,0.206
Pluteus,Exp2,B9,Exp2_B9,Wh,P8,NP,Urban,plut_exp2_b9-0028,29,0.164,0.189,0.191
Pluteus,Exp2,B9,Exp2_B9,Wh,P8,NP,Urban,plut_exp2_b9-0029,30,0.165,0.205,0.222
Pluteus,Exp2,B9,Exp2_B9,Wh,P8,NP,Urban,plut_exp2_b9-0032,33,0.147,0.217,0.203
Pluteus,Exp2,B9,Exp2_B9,Wh,P8,NP,Urban,plut_exp2_b9-0033,34,0.166,0.184,0.189
Pluteus,Exp2,B9,Exp2_B9,Wh,P8,NP,Urban,plut_exp2_b9-0038,38,0.181,0.226,0.232
Pluteus,Exp2,B9,Exp2_B9,Wh,P8,NP,Urban,plut_exp2_b9-0040,40,0.2,0.235,0.252
Pluteus,Exp2,B10,Exp2_B10,Twp,P6,NP,Nonurban,plut_exp2_b10-0002,1,0.195,0.211,0.238
Pluteus,Exp2,B10,Exp2_B10,Twp,P6,NP,Nonurban,plut_exp2_b10-0010,9,0.149,0.204,0.197
Pluteus,Exp2,B10,Exp2_B10,Twp,P6,NP,Nonurban,plut_exp2_b10-0012,11,0.161,0.176,0.166
Pluteus,Exp2,B10,Exp2_B10,Twp,P6,NP,Nonurban,plut_exp2_b10-0015,14,0.163,0.2,0.206
Pluteus,Exp2,B11,Exp2_B11,Cab,P7,C,Urban,plut_exp2_b11-0002,1,0.227,0.326,0.324
Pluteus,Exp2,B11,Exp2_B11,Cab,P7,C,Urban,plut_exp2_b11-0003,2,0.226,0.32,0.323
Pluteus,Exp2,B11,Exp2_B11,Cab,P7,C,Urban,plut_exp2_b11-0007,5,0.209,0.287,0.295
Pluteus,Exp2,B11,Exp2_B11,Cab,P7,C,Urban,plut_exp2_b11-0008,6,0.193,0.298,0.298
Pluteus,Exp2,B11,Exp2_B11,Cab,P7,C,Urban,plut_exp2_b11-0009,7,0.228,0.316,0.318
Pluteus,Exp2,B11,Exp2_B11,Cab,P7,C,Urban,plut_exp2_b11-0010,8,0.223,0.316,0.296
Pluteus,Exp2,B11,Exp2_B11,Cab,P7,C,Urban,plut_exp2_b11-0012,10,0.225,0.292,0.276
Pluteus,Exp2,B11,Exp2_B11,Cab,P7,C,Urban,plut_exp2_b11-0014,12,0.218,0.309,0.302
Pluteus,Exp2,B11,Exp2_B11,Cab,P7,C,Urban,plut_exp2_b11-0017,15,0.223,0.304,0.286
Pluteus,Exp2,B11,Exp2_B11,Cab,P7,C,Urban,plut_exp2_b11-0018,16,0.21,0.254,0.292
Pluteus,Exp2,B11,Exp2_B11,Cab,P7,C,Urban,plut_exp2_b11-0020,18,0.196,0.273,0.27
Pluteus,Exp2,B11,Exp2_B11,Cab,P7,C,Urban,plut_exp2_b11-0022,20,0.182,0.275,0.262
Pluteus,Exp2,B11,Exp2_B11,Cab,P7,C,Urban,plut_exp2_b11-0026,24,0.202,0.263,0.28
Pluteus,Exp2,B11,Exp2_B11,Cab,P7,C,Urban,plut_exp2_b11-0029,27,0.214,0.295,0.297
Pluteus,Exp2,B11,Exp2_B11,Cab,P7,C,Urban,plut_exp2_b11-0032,29,0.214,0.251,0.252
Pluteus,Exp2,B11,Exp2_B11,Cab,P7,C,Urban,plut_exp2_b11-0033,30,0.206,0.295,0.299
Pluteus,Exp2,B11,Exp2_B11,Cab,P7,C,Urban,plut_exp2_b11-0035,32,0.217,0.305,0.302
Pluteus,Exp2,B11,Exp2_B11,Cab,P7,C,Urban,plut_exp2_b11-0036,33,0.177,0.255,0.245
Pluteus,Exp2,B12,Exp2_B12,Trp,P8,C,Nonurban,plut_exp2_b12-0008,7,0.159,0.202,0.19
Pluteus,Exp2,B12,Exp2_B12,Trp,P8,C,Nonurban,plut_exp2_b12-0010,8,0.163,0.194,0.19
Pluteus,Exp2,B12,Exp2_B12,Trp,P8,C,Nonurban,plut_exp2_b12-0027,21,0.15,0.175,0.179
Pluteus,Exp2,B14,Exp2_B14,Trp,P5,C,Nonurban,plut_exp2_b14-0007,6,0.136,0.165,0.168
Pluteus,Exp2,B14,Exp2_B14,Trp,P5,C,Nonurban,plut_exp2_b14-0010,8,0.192,0.216,0.225
Pluteus,Exp2,B14,Exp2_B14,Trp,P5,C,Nonurban,plut_exp2_b14-0024,18,0.204,0.25,0.223
Pluteus,Exp2,B16,Exp2_B16,Cab,P6,C,Urban,plut_exp2_b16-0004,3,0.197,0.216,0.215
Pluteus,Exp2,B16,Exp2_B16,Cab,P6,C,Urban,plut_exp2_b16-0008,7,0.221,0.252,0.251
Pluteus,Exp2,B16,Exp2_B16,Cab,P6,C,Urban,plut_exp2_b16-0012,10,0.243,0.297,0.305
Pluteus,Exp2,B17,Exp2_B17,Twp,P5,NP,Nonurban,plut_exp2_b17-0005,4,0.206,0.222,0.227
Pluteus,Exp2,B17,Exp2_B17,Twp,P5,NP,Nonurban,plut_exp2_b17-0013,12,0.19,0.208,0.211
Pluteus,Exp2,B17,Exp2_B17,Twp,P5,NP,Nonurban,plut_exp2_b17-0015,14,0.221,0.237,0.243
Pluteus,Exp2,B17,Exp2_B17,Twp,P5,NP,Nonurban,plut_exp2_b17-0023,22,0.195,0.234,0.221
Pluteus,Exp2,B17,Exp2_B17,Twp,P5,NP,Nonurban,plut_exp2_b17-0024,23,0.218,0.232,0.225
Pluteus,Exp2,B18,Exp2_B18,Wh,P6,NP,Urban,plut_exp2_b18-0029,26,0.138,0.17,0.157
Pluteus,Exp2,B18,Exp2_B18,Wh,P6,NP,Urban,plut_exp2_b18-0033,30,0.185,0.205,0.173
Pluteus,Exp2,B18,Exp2_B18,Wh,P6,NP,Urban,plut_exp2_b18-0034,31,0.152,0.169,0.165
Pluteus,Exp2,B20,Exp2_B20,Trp,P7,C,Nonurban,plut_exp2_b20-0002,1,0.222,0.319,0.31
Pluteus,Exp2,B20,Exp2_B20,Trp,P7,C,Nonurban,plut_exp2_b20-0003,2,0.245,0.338,0.308
Pluteus,Exp2,B20,Exp2_B20,Trp,P7,C,Nonurban,plut_exp2_b20-0005,4,0.237,0.308,0.311
Pluteus,Exp2,B20,Exp2_B20,Trp,P7,C,Nonurban,plut_exp2_b20-0008,7,0.233,0.319,0.314
Pluteus,Exp2,B20,Exp2_B20,Trp,P7,C,Nonurban,plut_exp2_b20-0009,8,0.231,0.319,0.316
Pluteus,Exp2,B20,Exp2_B20,Trp,P7,C,Nonurban,plut_exp2_b20-0011,10,0.239,0.322,0.324
Pluteus,Exp2,B20,Exp2_B20,Trp,P7,C,Nonurban,plut_exp2_b20-0018,17,0.243,0.318,0.311
Pluteus,Exp2,B20,Exp2_B20,Trp,P7,C,Nonurban,plut_exp2_b20-0027,25,0.219,0.308,0.247
Pluteus,Exp2,B20,Exp2_B20,Trp,P7,C,Nonurban,plut_exp2_b20-0031,29,0.266,0.339,0.339
Pluteus,Exp2,B20,Exp2_B20,Trp,P7,C,Nonurban,plut_exp2_b20-0035,32,0.216,0.332,0.332
Pluteus,Exp2,B20,Exp2_B20,Trp,P7,C,Nonurban,plut_exp2_b20-0036,33,0.266,0.343,0.362
Pluteus,Exp2,B20,Exp2_B20,Trp,P7,C,Nonurban,plut_exp2_b20-0037,34,0.256,0.348,0.345
Pluteus,Exp2,B20,Exp2_B20,Trp,P7,C,Nonurban,plut_exp2_b20-0039,36,0.242,0.331,0.309
Pluteus,Exp2,B20,Exp2_B20,Trp,P7,C,Nonurban,plut_exp2_b20-0040,37,0.254,0.309,0.315
Pluteus,Exp2,B20,Exp2_B20,Trp,P7,C,Nonurban,plut_exp2_b20-0043,40,0.246,0.32,0.317
Pluteus,Exp2,B20,Exp2_B20,Trp,P7,C,Nonurban,plut_exp2_b20-0047,44,0.215,0.269,0.27
Pluteus,Exp2,B20,Exp2_B20,Trp,P7,C,Nonurban,plut_exp2_b20-0050,48,0.242,0.326,0.327
Pluteus,Exp2,B20,Exp2_B20,Trp,P7,C,Nonurban,plut_exp2_b20-0052,50,0.226,0.326,0.326
Pluteus,Exp2,B13,Exp2_B13,Wh,P7,C,Urban,plut_exp2_b13-0003,1,0.19,0.22,0.204
Pluteus,Exp2,B13,Exp2_B13,Wh,P7,C,Urban,plut_exp2_b13-0008,6,0.211,0.237,0.227
Pluteus,Exp2,B13,Exp2_B13,Wh,P7,C,Urban,plut_exp2_b13-0010,8,0.2,0.263,0.261
Pluteus,Exp2,B13,Exp2_B13,Wh,P7,C,Urban,plut_exp2_b13-0011,9,0.178,0.187,0.19
Pluteus,Exp2,B13,Exp2_B13,Wh,P7,C,Urban,plut_exp2_b13-0017,15,0.213,0.239,0.247
Pluteus,Exp2,B21,Exp2_B21,Wh,P5,NP,Urban,plut_exp2_b21-0006,5,0.209,0.263,0.272
Pluteus,Exp2,B21,Exp2_B21,Wh,P5,NP,Urban,plut_exp2_b21-0008,7,0.196,0.22,0.227
Pluteus,Exp2,B21,Exp2_B21,Wh,P5,NP,Urban,plut_exp2_b21-0010,10,0.165,0.218,0.202
Pluteus,Exp2,B21,Exp2_B21,Wh,P5,NP,Urban,plut_exp2_b21-0014,14,0.194,0.225,0.238
Pluteus,Exp2,B21,Exp2_B21,Wh,P5,NP,Urban,plut_exp2_b21-0019,19,0.221,0.248,0.247
Pluteus,Exp2,B21,Exp2_B21,Wh,P5,NP,Urban,plut_exp2_b21-0021,21,0.204,0.253,0.256
Pluteus,Exp2,B21,Exp2_B21,Wh,P5,NP,Urban,plut_exp2_b21-0022,22,0.196,0.255,0.236
Pluteus,Exp2,B21,Exp2_B21,Wh,P5,NP,Urban,plut_exp2_b21-0023,23,0.189,0.223,0.237
Pluteus,Exp2,B21,Exp2_B21,Wh,P5,NP,Urban,plut_exp2_b21-0026,26,0.201,0.243,0.265
Pluteus,Exp2,B21,Exp2_B21,Wh,P5,NP,Urban,plut_exp2_b21-0038,38,0.197,0.246,0.247
Pluteus,Exp2,B21,Exp2_B21,Wh,P5,NP,Urban,plut_exp2_b21-0040,40,0.201,0.262,0.247
Pluteus,Exp2,B21,Exp2_B21,Wh,P5,NP,Urban,plut_exp2_b21-0042,42,0.195,0.235,0.226
Pluteus,Exp2,B21,Exp2_B21,Wh,P5,NP,Urban,plut_exp2_b21-0049,49,0.159,0.228,0.191
Pluteus,Exp2,B21,Exp2_B21,Wh,P5,NP,Urban,plut_exp2_b21-0055,55,0.195,0.252,0.252
Pluteus,Exp2,B21,Exp2_B21,Wh,P5,NP,Urban,plut_exp2_b21-0058,58,0.189,0.231,0.232
Pluteus,Exp2,B21,Exp2_B21,Wh,P5,NP,Urban,plut_exp2_b21-0061,61,0.198,0.25,0.239
Pluteus,Exp2,B23,Exp2_B23,Wh,P6,C,Urban,plut_exp2_b23-0002,2,0.226,0.285,0.281
Pluteus,Exp2,B23,Exp2_B23,Wh,P6,C,Urban,plut_exp2_b23-0009,8,0.224,0.295,0.284
Pluteus,Exp2,B23,Exp2_B23,Wh,P6,C,Urban,plut_exp2_b23-0012,11,0.214,0.275,0.269
Pluteus,Exp2,B23,Exp2_B23,Wh,P6,C,Urban,plut_exp2_b23-0019,19,0.243,0.303,0.312
Pluteus,Exp2,B23,Exp2_B23,Wh,P6,C,Urban,plut_exp2_b23-0020,20,0.242,0.296,0.285
Pluteus,Exp2,B24,Exp2_B24,Trp,P5,NP,Nonurban,plut_exp2_b24-0007,7,0.181,0.233,0.222
Pluteus,Exp2,B24,Exp2_B24,Trp,P5,NP,Nonurban,plut_exp2_b24-0009,9,0.18,0.217,0.203
Pluteus,Exp2,B24,Exp2_B24,Trp,P5,NP,Nonurban,plut_exp2_b24-0011,11,0.182,0.226,0.226
Pluteus,Exp2,B24,Exp2_B24,Trp,P5,NP,Nonurban,plut_exp2_b24-0018,19,0.175,0.196,0.214
Pluteus,Exp2,B24,Exp2_B24,Trp,P5,NP,Nonurban,plut_exp2_b24-0020,21,0.191,0.217,0.217
Pluteus,Exp2,B24,Exp2_B24,Trp,P5,NP,Nonurban,plut_exp2_b24-0022,23,0.164,0.176,0.191
Pluteus,Exp2,B24,Exp2_B24,Trp,P5,NP,Nonurban,plut_exp2_b24-0030,29,0.184,0.211,0.211
Pluteus,Exp2,B24,Exp2_B24,Trp,P5,NP,Nonurban,plut_exp2_b24-0036,35,0.174,0.211,0.204
Pluteus,Exp2,B24,Exp2_B24,Trp,P5,NP,Nonurban,plut_exp2_b24-0041,40,0.181,0.221,0.187
Pluteus,Exp2,B24,Exp2_B24,Trp,P5,NP,Nonurban,plut_exp2_b24-0042,41,0.177,0.21,0.199
Pluteus,Exp2,B25,Exp2_B25,Cab,P5,NP,Urban,plut_exp2_b25-0003,2,0.185,0.21,0.203
Pluteus,Exp2,B25,Exp2_B25,Cab,P5,NP,Urban,plut_exp2_b25-0016,12,0.183,0.184,0.203
Pluteus,Exp2,B25,Exp2_B25,Cab,P5,NP,Urban,plut_exp2_b25-0018,14,0.183,0.2,0.204
Pluteus,Exp2,B28,Exp2_B28,Trp,P8,NP,Nonurban,plut_exp2_b28-0003,2,0.157,0.171,0.161
Pluteus,Exp2,B28,Exp2_B28,Trp,P8,NP,Nonurban,plut_exp2_b28-0005,3,0.161,0.195,0.177
Pluteus,Exp2,B28,Exp2_B28,Trp,P8,NP,Nonurban,plut_exp2_b28-0006,4,0.173,0.205,0.205
Pluteus,Exp2,B28,Exp2_B28,Trp,P8,NP,Nonurban,plut_exp2_b28-0014,12,0.171,0.193,0.191
Pluteus,Exp2,B28,Exp2_B28,Trp,P8,NP,Nonurban,plut_exp2_b28-0015,13,0.197,0.216,0.223
Pluteus,Exp2,B28,Exp2_B28,Trp,P8,NP,Nonurban,plut_exp2_b28-0021,20,0.174,0.202,0.201
Pluteus,Exp2,B28,Exp2_B28,Trp,P8,NP,Nonurban,plut_exp2_b28-0026,25,0.198,0.205,0.229
Pluteus,Exp2,B28,Exp2_B28,Trp,P8,NP,Nonurban,plut_exp2_b28-0027,26,0.21,0.227,0.235
Pluteus,Exp2,B28,Exp2_B28,Trp,P8,NP,Nonurban,plut_exp2_b28-0032,32,0.212,0.238,0.247
Pluteus,Exp2,B28,Exp2_B28,Trp,P8,NP,Nonurban,plut_exp2_b28-0036,36,0.204,0.23,0.219
Pluteus,Exp2,B28,Exp2_B28,Trp,P8,NP,Nonurban,plut_exp2_b28-0049,49,0.207,0.245,0.251
Pluteus,Exp2,B28,Exp2_B28,Trp,P8,NP,Nonurban,plut_exp2_b28-0052,52,0.157,0.178,0.179
Pluteus,Exp2,B28,Exp2_B28,Trp,P8,NP,Nonurban,plut_exp2_b28-0058,58,0.177,0.187,0.197
Pluteus,Exp2,B28,Exp2_B28,Trp,P8,NP,Nonurban,plut_exp2_b28-0059,59,0.189,0.224,0.219
Pluteus,Exp2,B28,Exp2_B28,Trp,P8,NP,Nonurban,plut_exp2_b28-0060,60,0.205,0.223,0.237
Pluteus,Exp2,B29,Exp2_B29,Trp,P6,C,Nonurban,plut_exp2_b29-0002,1,0.232,0.301,0.3
Pluteus,Exp2,B29,Exp2_B29,Trp,P6,C,Nonurban,plut_exp2_b29-0004,2,0.218,0.299,0.302
Pluteus,Exp2,B29,Exp2_B29,Trp,P6,C,Nonurban,plut_exp2_b29-0005,3,0.212,0.292,0.274
Pluteus,Exp2,B29,Exp2_B29,Trp,P6,C,Nonurban,plut_exp2_b29-0006,4,0.221,0.309,0.319
Pluteus,Exp2,B29,Exp2_B29,Trp,P6,C,Nonurban,plut_exp2_b29-0008,6,0.194,0.287,0.287
Pluteus,Exp2,B29,Exp2_B29,Trp,P6,C,Nonurban,plut_exp2_b29-0009,7,0.213,0.303,0.304
Pluteus,Exp2,B29,Exp2_B29,Trp,P6,C,Nonurban,plut_exp2_b29-0014,12,0.198,,
Pluteus,Exp2,B29,Exp2_B29,Trp,P6,C,Nonurban,plut_exp2_b29-0020,17,0.237,0.302,0.31
Pluteus,Exp2,B29,Exp2_B29,Trp,P6,C,Nonurban,plut_exp2_b29-0021,18,0.236,0.32,0.33
Pluteus,Exp2,B29,Exp2_B29,Trp,P6,C,Nonurban,plut_exp2_b29-0023,20,0.242,0.314,0.311
Pluteus,Exp2,B29,Exp2_B29,Trp,P6,C,Nonurban,plut_exp2_b29-0026,23,0.232,0.312,0.322
Pluteus,Exp2,B29,Exp2_B29,Trp,P6,C,Nonurban,plut_exp2_b29-0027,24,0.241,0.32,0.305
Pluteus,Exp2,B29,Exp2_B29,Trp,P6,C,Nonurban,plut_exp2_b29-0028,25,0.235,0.299,0.287
Pluteus,Exp2,B29,Exp2_B29,Trp,P6,C,Nonurban,plut_exp2_b29-0029,26,0.23,0.303,0.304
Pluteus,Exp2,B29,Exp2_B29,Trp,P6,C,Nonurban,plut_exp2_b29-0031,28,0.186,0.215,0.226
Pluteus,Exp2,B30,Exp2_B30,Wh,P5,C,Urban,plut_exp2_b30-0008,6,0.196,0.244,0.241
Pluteus,Exp2,B30,Exp2_B30,Wh,P5,C,Urban,plut_exp2_b30-0012,10,0.197,0.225,0.236
Pluteus,Exp2,B31,Exp2_B31,Cab,P8,C,Urban,plut_exp2_b31-0002,1,0.249,0.297,0.283
Pluteus,Exp2,B31,Exp2_B31,Cab,P8,C,Urban,plut_exp2_b31-0003,2,0.179,0.185,0.211
Pluteus,Exp2,B31,Exp2_B31,Cab,P8,C,Urban,plut_exp2_b31-0008,8,0.14,0.191,0.19
Pluteus,Exp2,B31,Exp2_B31,Cab,P8,C,Urban,plut_exp2_b31-0010,10,0.191,0.226,0.238
Pluteus,Exp2,B31,Exp2_B31,Cab,P8,C,Urban,plut_exp2_b31-0011,11,0.195,0.23,0.248
Pluteus,Exp2,B31,Exp2_B31,Cab,P8,C,Urban,plut_exp2_b31-0014,14,0.179,0.231,0.235
Pluteus,Exp2,B31,Exp2_B31,Cab,P8,C,Urban,plut_exp2_b31-0016,16,0.172,0.21,0.21
Pluteus,Exp2,B32,Exp2_B32,Twp,P7,NP,Nonurban,plut_exp2_b32-0007,6,0.183,0.2,0.197
Pluteus,Exp2,B32,Exp2_B32,Twp,P7,NP,Nonurban,plut_exp2_b32-0013,13,0.132,0.184,0.175
Pluteus,Exp2,B32,Exp2_B32,Twp,P7,NP,Nonurban,plut_exp2_b32-0014,15,0.165,0.198,0.198
Pluteus,Exp2,B32,Exp2_B32,Twp,P7,NP,Nonurban,plut_exp2_b32-0020,20,0.144,0.174,0.172
Pluteus,Exp2,B32,Exp2_B32,Twp,P7,NP,Nonurban,plut_exp2_b32-0021,21,0.189,0.207,0.199
Pluteus,Exp2,B32,Exp2_B32,Twp,P7,NP,Nonurban,plut_exp2_b32-0029,28,0.158,0.189,0.182
Pluteus,Exp2,B32,Exp2_B32,Twp,P7,NP,Nonurban,plut_exp2_b32-0032,31,0.182,0.2,0.206
Pluteus,Exp3,B1,Exp3_B1,Cab,P9,C,Urban,plut_exp3_b1-0002,1,0.236,0.301,0.318
Pluteus,Exp3,B1,Exp3_B1,Cab,P9,C,Urban,plut_exp3_b1-0003,2,0.222,0.315,0.31
Pluteus,Exp3,B1,Exp3_B1,Cab,P9,C,Urban,plut_exp3_b1-0008,7,0.22,0.274,0.277
Pluteus,Exp3,B1,Exp3_B1,Cab,P9,C,Urban,plut_exp3_b1-0016,15,0.237,0.353,0.342
Pluteus,Exp3,B1,Exp3_B1,Cab,P9,C,Urban,plut_exp3_b1-0021,19,0.156,0.239,0.256
Pluteus,Exp3,B1,Exp3_B1,Cab,P9,C,Urban,plut_exp3_b1-0022,20,0.236,0.316,0.325
Pluteus,Exp3,B1,Exp3_B1,Cab,P9,C,Urban,plut_exp3_b1-0024,22,0.228,0.321,0.321
Pluteus,Exp3,B1,Exp3_B1,Cab,P9,C,Urban,plut_exp3_b1-0026,24,0.225,0.317,0.318
Pluteus,Exp3,B1,Exp3_B1,Cab,P9,C,Urban,plut_exp3_b1-0027,25,0.235,0.316,0.317
Pluteus,Exp3,B1,Exp3_B1,Cab,P9,C,Urban,plut_exp3_b1-0028,26,0.226,0.306,0.309
Pluteus,Exp3,B1,Exp3_B1,Cab,P9,C,Urban,plut_exp3_b1-0031,29,0.253,0.357,0.339
Pluteus,Exp3,B2,Exp3_B2,Wh,P11,NP,Urban,plut_exp3_b2-0006,6,0.244,0.348,0.351
Pluteus,Exp3,B2,Exp3_B2,Wh,P11,NP,Urban,plut_exp3_b2-0008,8,0.171,0.241,0.212
Pluteus,Exp3,B2,Exp3_B2,Wh,P11,NP,Urban,plut_exp3_b2-0010,10,0.225,0.31,0.319
Pluteus,Exp3,B2,Exp3_B2,Wh,P11,NP,Urban,plut_exp3_b2-0011,11,0.218,0.327,0.312
Pluteus,Exp3,B2,Exp3_B2,Wh,P11,NP,Urban,plut_exp3_b2-0013,13,0.245,0.348,0.342
Pluteus,Exp3,B2,Exp3_B2,Wh,P11,NP,Urban,plut_exp3_b2-0016,15,0.254,0.344,0.367
Pluteus,Exp3,B2,Exp3_B2,Wh,P11,NP,Urban,plut_exp3_b2-0017,16,0.231,0.306,0.304
Pluteus,Exp3,B2,Exp3_B2,Wh,P11,NP,Urban,plut_exp3_b2-0018,17,0.248,0.353,0.335
Pluteus,Exp3,B2,Exp3_B2,Wh,P11,NP,Urban,plut_exp3_b2-0020,18,0.25,0.36,0.359
Pluteus,Exp3,B2,Exp3_B2,Wh,P11,NP,Urban,plut_exp3_b2-0021,19,0.257,0.382,0.36
Pluteus,Exp3,B2,Exp3_B2,Wh,P11,NP,Urban,plut_exp3_b2-0024,22,0.255,0.369,0.363
Pluteus,Exp3,B2,Exp3_B2,Wh,P11,NP,Urban,plut_exp3_b2-0026,24,0.234,0.341,0.353
Pluteus,Exp3,B2,Exp3_B2,Wh,P11,NP,Urban,plut_exp3_b2-0027,25,0.262,0.359,0.375
Pluteus,Exp3,B2,Exp3_B2,Wh,P11,NP,Urban,plut_exp3_b2-0028,26,0.25,0.349,0.349
Pluteus,Exp3,B2,Exp3_B2,Wh,P11,NP,Urban,plut_exp3_b2-0029,28,0.257,0.357,0.353
Pluteus,Exp3,B2,Exp3_B2,Wh,P11,NP,Urban,plut_exp3_b2-0031,30,0.254,0.359,0.362
Pluteus,Exp3,B2,Exp3_B2,Wh,P11,NP,Urban,plut_exp3_b2-0034,34,0.239,0.345,0.336
Pluteus,Exp3,B2,Exp3_B2,Wh,P11,NP,Urban,plut_exp3_b2-0037,37,0.207,0.282,0.286
Pluteus,Exp3,B2,Exp3_B2,Wh,P11,NP,Urban,plut_exp3_b2-0039,39,0.256,0.365,0.362
Pluteus,Exp3,B2,Exp3_B2,Wh,P11,NP,Urban,plut_exp3_b2-0042,42,0.198,0.238,0.234
Pluteus,Exp3,B2,Exp3_B2,Wh,P11,NP,Urban,plut_exp3_b2-0043,43,0.25,0.347,0.346
Pluteus,Exp3,B2,Exp3_B2,Wh,P11,NP,Urban,plut_exp3_b2-0047,47,0.252,0.325,0.345
Pluteus,Exp3,B2,Exp3_B2,Wh,P11,NP,Urban,plut_exp3_b2-0048,48,0.249,0.346,0.35
Pluteus,Exp3,B2,Exp3_B2,Wh,P11,NP,Urban,plut_exp3_b2-0050,50,0.255,0.362,0.37
Pluteus,Exp3,B2,Exp3_B2,Wh,P11,NP,Urban,plut_exp3_b2-0051,51,0.272,0.364,0.373
Pluteus,Exp3,B2,Exp3_B2,Wh,P11,NP,Urban,plut_exp3_b2-0056,56,0.246,0.352,0.348
Pluteus,Exp3,B2,Exp3_B2,Wh,P11,NP,Urban,plut_exp3_b2-0058,58,0.257,0.346,0.344
Pluteus,Exp3,B2,Exp3_B2,Wh,P11,NP,Urban,plut_exp3_b2-0060,60,0.231,0.335,0.336
Pluteus,Exp3,B2,Exp3_B2,Wh,P11,NP,Urban,plut_exp3_b2-0063,63,0.25,0.349,0.355
Pluteus,Exp3,B2,Exp3_B2,Wh,P11,NP,Urban,plut_exp3_b2-0064,64,0.242,0.35,0.341
Pluteus,Exp3,B2,Exp3_B2,Wh,P11,NP,Urban,plut_exp3_b2-0065,65,0.226,0.327,0.323
Pluteus,Exp3,B2,Exp3_B2,Wh,P11,NP,Urban,plut_exp3_b2-0068,69,0.256,0.364,0.356
Pluteus,Exp3,B3,Exp3_B3,Cab,P10,NP,Urban,plut_exp3_b3-0002,1,0.252,0.341,0.335
Pluteus,Exp3,B3,Exp3_B3,Cab,P10,NP,Urban,plut_exp3_b3-0005,3,0.256,0.319,0.318
Pluteus,Exp3,B3,Exp3_B3,Cab,P10,NP,Urban,plut_exp3_b3-0007,5,0.263,0.335,0.335
Pluteus,Exp3,B3,Exp3_B3,Cab,P10,NP,Urban,plut_exp3_b3-0008,6,0.265,0.365,0.375
Pluteus,Exp3,B3,Exp3_B3,Cab,P10,NP,Urban,plut_exp3_b3-0013,11,0.222,0.287,0.267
Pluteus,Exp3,B3,Exp3_B3,Cab,P10,NP,Urban,plut_exp3_b3-0014,12,0.269,0.362,0.357
Pluteus,Exp3,B3,Exp3_B3,Cab,P10,NP,Urban,plut_exp3_b3-0016,14,0.265,0.332,0.333
Pluteus,Exp3,B3,Exp3_B3,Cab,P10,NP,Urban,plut_exp3_b3-0018,16,0.264,0.346,0.347
Pluteus,Exp3,B3,Exp3_B3,Cab,P10,NP,Urban,plut_exp3_b3-0023,20,0.243,0.332,0.342
Pluteus,Exp3,B3,Exp3_B3,Cab,P10,NP,Urban,plut_exp3_b3-0026,23,0.27,0.352,0.352
Pluteus,Exp3,B3,Exp3_B3,Cab,P10,NP,Urban,plut_exp3_b3-0028,26,0.239,0.321,0.309
Pluteus,Exp3,B3,Exp3_B3,Cab,P10,NP,Urban,plut_exp3_b3-0037,35,0.247,0.344,0.348
Pluteus,Exp3,B3,Exp3_B3,Cab,P10,NP,Urban,plut_exp3_b3-0040,37,0.245,0.363,0.363
Pluteus,Exp3,B3,Exp3_B3,Cab,P10,NP,Urban,plut_exp3_b3-0041,38,0.267,0.316,0.316
Pluteus,Exp3,B3,Exp3_B3,Cab,P10,NP,Urban,plut_exp3_b3-0042,39,0.272,0.349,0.349
Pluteus,Exp3,B3,Exp3_B3,Cab,P10,NP,Urban,plut_exp3_b3-0046,43,0.269,0.334,0.335
Pluteus,Exp3,B3,Exp3_B3,Cab,P10,NP,Urban,plut_exp3_b3-0048,45,0.265,0.352,0.361
Pluteus,Exp3,B3,Exp3_B3,Cab,P10,NP,Urban,plut_exp3_b3-0051,47,0.22,0.282,0.282
Pluteus,Exp3,B3,Exp3_B3,Cab,P10,NP,Urban,plut_exp3_b3-0052,48,0.288,0.365,0.371
Pluteus,Exp3,B3,Exp3_B3,Cab,P10,NP,Urban,plut_exp3_b3-0053,49,0.262,0.348,0.342
Pluteus,Exp3,B3,Exp3_B3,Cab,P10,NP,Urban,plut_exp3_b3-0057,54,0.211,0.267,0.267
Pluteus,Exp3,B3,Exp3_B3,Cab,P10,NP,Urban,plut_exp3_b3-0058,55,0.249,0.318,0.318
Pluteus,Exp3,B3,Exp3_B3,Cab,P10,NP,Urban,plut_exp3_b3-0061,58,0.22,0.282,0.256
Pluteus,Exp3,B3,Exp3_B3,Cab,P10,NP,Urban,plut_exp3_b3-0063,61,0.228,0.314,0.319
Pluteus,Exp3,B3,Exp3_B3,Cab,P10,NP,Urban,plut_exp3_b3-0067,65,0.267,0.33,0.321
Pluteus,Exp3,B3,Exp3_B3,Cab,P10,NP,Urban,plut_exp3_b3-0068,66,0.253,0.316,0.303
Pluteus,Exp3,B3,Exp3_B3,Cab,P10,NP,Urban,plut_exp3_b3-0070,68,0.263,0.32,0.322
Pluteus,Exp3,B3,Exp3_B3,Cab,P10,NP,Urban,plut_exp3_b3-0072,70,0.27,0.326,0.334
Pluteus,Exp3,B3,Exp3_B3,Cab,P10,NP,Urban,plut_exp3_b3-0073,71,0.258,0.332,0.32
Pluteus,Exp3,B3,Exp3_B3,Cab,P10,NP,Urban,plut_exp3_b3-0074,72,0.224,0.278,0.284
Pluteus,Exp3,B3,Exp3_B3,Cab,P10,NP,Urban,plut_exp3_b3-0076,74,0.256,0.335,0.335
Pluteus,Exp3,B4,Exp3_B4,Trp,P10,NP,Nonurban,plut_exp3_b4-0002,1,0.26,0.339,0.335
Pluteus,Exp3,B4,Exp3_B4,Trp,P10,NP,Nonurban,plut_exp3_b4-0005,4,0.267,0.366,0.352
Pluteus,Exp3,B4,Exp3_B4,Trp,P10,NP,Nonurban,plut_exp3_b4-0007,6,0.245,0.327,0.316
Pluteus,Exp3,B4,Exp3_B4,Trp,P10,NP,Nonurban,plut_exp3_b4-0009,9,0.231,0.324,0.301
Pluteus,Exp3,B4,Exp3_B4,Trp,P10,NP,Nonurban,plut_exp3_b4-0012,12,0.257,0.37,0.355
Pluteus,Exp3,B4,Exp3_B4,Trp,P10,NP,Nonurban,plut_exp3_b4-0014,14,0.229,0.308,0.319
Pluteus,Exp3,B4,Exp3_B4,Trp,P10,NP,Nonurban,plut_exp3_b4-0015,15,0.238,0.331,0.319
Pluteus,Exp3,B4,Exp3_B4,Trp,P10,NP,Nonurban,plut_exp3_b4-0017,18,0.275,0.35,0.352
Pluteus,Exp3,B4,Exp3_B4,Trp,P10,NP,Nonurban,plut_exp3_b4-0018,19,0.255,0.353,0.341
Pluteus,Exp3,B4,Exp3_B4,Trp,P10,NP,Nonurban,plut_exp3_b4-0019,20,0.219,0.301,0.311
Pluteus,Exp3,B4,Exp3_B4,Trp,P10,NP,Nonurban,plut_exp3_b4-0024,26,0.246,0.33,0.317
Pluteus,Exp3,B4,Exp3_B4,Trp,P10,NP,Nonurban,plut_exp3_b4-0027,29,0.254,0.326,0.327
Pluteus,Exp3,B4,Exp3_B4,Trp,P10,NP,Nonurban,plut_exp3_b4-0029,31,0.22,0.296,0.309
Pluteus,Exp3,B4,Exp3_B4,Trp,P10,NP,Nonurban,plut_exp3_b4-0031,33,0.254,0.334,0.338
Pluteus,Exp3,B4,Exp3_B4,Trp,P10,NP,Nonurban,plut_exp3_b4-0032,36,0.259,0.342,0.35
Pluteus,Exp3,B4,Exp3_B4,Trp,P10,NP,Nonurban,plut_exp3_b4-0035,41,0.221,0.271,0.271
Pluteus,Exp3,B4,Exp3_B4,Trp,P10,NP,Nonurban,plut_exp3_b4-0039,45,0.252,0.351,0.359
Pluteus,Exp3,B4,Exp3_B4,Trp,P10,NP,Nonurban,plut_exp3_b4-0040,46,0.243,0.329,0.332
Pluteus,Exp3,B4,Exp3_B4,Trp,P10,NP,Nonurban,plut_exp3_b4-0045,51,0.241,0.337,0.325
Pluteus,Exp3,B4,Exp3_B4,Trp,P10,NP,Nonurban,plut_exp3_b4-0047,53,0.244,0.333,0.306
Pluteus,Exp3,B4,Exp3_B4,Trp,P10,NP,Nonurban,plut_exp3_b4-0052,59,0.251,0.359,0.35
Pluteus,Exp3,B7,Exp3_B7,Trp,P11,NP,Nonurban,plut_exp3_b7-0003,2,0.251,0.356,0.362
Pluteus,Exp3,B7,Exp3_B7,Trp,P11,NP,Nonurban,plut_exp3_b7-0006,5,0.274,0.391,0.372
Pluteus,Exp3,B7,Exp3_B7,Trp,P11,NP,Nonurban,plut_exp3_b7-0008,8,0.258,0.365,0.369
Pluteus,Exp3,B7,Exp3_B7,Trp,P11,NP,Nonurban,plut_exp3_b7-0010,10,0.235,0.344,0.349
Pluteus,Exp3,B7,Exp3_B7,Trp,P11,NP,Nonurban,plut_exp3_b7-0011,11,0.275,0.396,0.4
Pluteus,Exp3,B7,Exp3_B7,Trp,P11,NP,Nonurban,plut_exp3_b7-0014,14,0.263,0.361,0.362
Pluteus,Exp3,B7,Exp3_B7,Trp,P11,NP,Nonurban,plut_exp3_b7-0015,16,0.262,0.389,0.382
Pluteus,Exp3,B7,Exp3_B7,Trp,P11,NP,Nonurban,plut_exp3_b7-0017,18,0.266,0.367,0.376
Pluteus,Exp3,B7,Exp3_B7,Trp,P11,NP,Nonurban,plut_exp3_b7-0021,23,0.225,0.316,0.327
Pluteus,Exp3,B7,Exp3_B7,Trp,P11,NP,Nonurban,plut_exp3_b7-0025,27,0.266,0.379,0.363
Pluteus,Exp3,B7,Exp3_B7,Trp,P11,NP,Nonurban,plut_exp3_b7-0029,31,0.257,0.373,0.364
Pluteus,Exp3,B7,Exp3_B7,Trp,P11,NP,Nonurban,plut_exp3_b7-0034,36,0.253,0.374,0.368
Pluteus,Exp3,B7,Exp3_B7,Trp,P11,NP,Nonurban,plut_exp3_b7-0035,37,0.265,0.357,0.369
Pluteus,Exp3,B7,Exp3_B7,Trp,P11,NP,Nonurban,plut_exp3_b7-0036,38,0.271,0.369,0.369
Pluteus,Exp3,B7,Exp3_B7,Trp,P11,NP,Nonurban,plut_exp3_b7-0037,39,0.267,0.36,0.374
Pluteus,Exp3,B7,Exp3_B7,Trp,P11,NP,Nonurban,plut_exp3_b7-0038,40,0.247,0.357,0.354
Pluteus,Exp3,B7,Exp3_B7,Trp,P11,NP,Nonurban,plut_exp3_b7-0040,42,0.262,0.365,0.375
Pluteus,Exp3,B7,Exp3_B7,Trp,P11,NP,Nonurban,plut_exp3_b7-0044,46,0.256,0.36,0.372
Pluteus,Exp3,B7,Exp3_B7,Trp,P11,NP,Nonurban,plut_exp3_b7-0049,52,0.258,0.372,0.374
Pluteus,Exp3,B7,Exp3_B7,Trp,P11,NP,Nonurban,plut_exp3_b7-0049,53,0.257,0.361,0.362
Pluteus,Exp3,B7,Exp3_B7,Trp,P11,NP,Nonurban,plut_exp3_b7-0052,56,0.272,0.379,0.381
Pluteus,Exp3,B7,Exp3_B7,Trp,P11,NP,Nonurban,plut_exp3_b7-0053,57,0.257,0.344,0.354
Pluteus,Exp3,B7,Exp3_B7,Trp,P11,NP,Nonurban,plut_exp3_b7-0056,61,0.277,0.38,0.382
Pluteus,Exp3,B7,Exp3_B7,Trp,P11,NP,Nonurban,plut_exp3_b7-0057,62,0.247,0.361,0.359
Pluteus,Exp3,B7,Exp3_B7,Trp,P11,NP,Nonurban,plut_exp3_b7-0058,63,0.243,0.291,0.296
Pluteus,Exp3,B7,Exp3_B7,Trp,P11,NP,Nonurban,plut_exp3_b7-0060,65,0.276,0.379,0.374
Pluteus,Exp3,B7,Exp3_B7,Trp,P11,NP,Nonurban,plut_exp3_b7-0064,68,0.263,0.366,0.365
Pluteus,Exp3,B8,Exp3_B8,Twp,P9,C,Nonurban,plut_exp3_b8-0003,2,0.243,0.281,0.279
Pluteus,Exp3,B8,Exp3_B8,Twp,P9,C,Nonurban,plut_exp3_b8-0004,3,0.192,0.229,0.233
Pluteus,Exp3,B8,Exp3_B8,Twp,P9,C,Nonurban,plut_exp3_b8-0006,5,0.273,0.327,0.332
Pluteus,Exp3,B8,Exp3_B8,Twp,P9,C,Nonurban,plut_exp3_b8-0008,7,0.236,0.283,0.274
Pluteus,Exp3,B8,Exp3_B8,Twp,P9,C,Nonurban,plut_exp3_b8-0014,13,0.179,0.213,0.209
Pluteus,Exp3,B8,Exp3_B8,Twp,P9,C,Nonurban,plut_exp3_b8-0015,14,0.262,0.327,0.326
Pluteus,Exp3,B8,Exp3_B8,Twp,P9,C,Nonurban,plut_exp3_b8-0018,17,0.24,0.281,0.278
Pluteus,Exp3,B8,Exp3_B8,Twp,P9,C,Nonurban,plut_exp3_b8-0019,19,0.236,0.285,0.291
Pluteus,Exp3,B8,Exp3_B8,Twp,P9,C,Nonurban,plut_exp3_b8-0022,22,0.215,0.259,0.258
Pluteus,Exp3,B8,Exp3_B8,Twp,P9,C,Nonurban,plut_exp3_b8-0023,23,0.258,0.316,0.317
Pluteus,Exp3,B8,Exp3_B8,Twp,P9,C,Nonurban,plut_exp3_b8-0028,28,0.159,0.188,0.188
Pluteus,Exp3,B8,Exp3_B8,Twp,P9,C,Nonurban,plut_exp3_b8-0031,32,0.232,0.287,0.286
Pluteus,Exp3,B8,Exp3_B8,Twp,P9,C,Nonurban,plut_exp3_b8-0032,33,0.25,0.323,0.325
Pluteus,Exp3,B8,Exp3_B8,Twp,P9,C,Nonurban,plut_exp3_b8-0040,41,0.256,0.302,0.31
Pluteus,Exp3,B8,Exp3_B8,Twp,P9,C,Nonurban,plut_exp3_b8-0045,46,0.243,0.296,0.296
Pluteus,Exp3,B8,Exp3_B8,Twp,P9,C,Nonurban,plut_exp3_b8-0046,47,0.229,0.29,0.287
Pluteus,Exp3,B8,Exp3_B8,Twp,P9,C,Nonurban,plut_exp3_b8-0047,48,0.266,0.333,0.336
Pluteus,Exp3,B10,Exp3_B10,Twp,P10,NP,Nonurban,plut_exp3_b10-0013,11,0.255,0.311,0.32
Pluteus,Exp3,B10,Exp3_B10,Twp,P10,NP,Nonurban,plut_exp3_b10-0015,13,0.249,0.325,0.33
Pluteus,Exp3,B10,Exp3_B10,Twp,P10,NP,Nonurban,plut_exp3_b10-0020,20,0.25,0.339,0.336
Pluteus,Exp3,B10,Exp3_B10,Twp,P10,NP,Nonurban,plut_exp3_b10-0022,22,0.245,0.297,0.311
Pluteus,Exp3,B10,Exp3_B10,Twp,P10,NP,Nonurban,plut_exp3_b10-0024,23,0.223,0.295,0.295
Pluteus,Exp3,B10,Exp3_B10,Twp,P10,NP,Nonurban,plut_exp3_b10-0025,24,0.224,0.307,0.29
Pluteus,Exp3,B10,Exp3_B10,Twp,P10,NP,Nonurban,plut_exp3_b10-0025,25,0.242,0.303,0.303
Pluteus,Exp3,B10,Exp3_B10,Twp,P10,NP,Nonurban,plut_exp3_b10-0027,27,0.233,0.305,0.291
Pluteus,Exp3,B10,Exp3_B10,Twp,P10,NP,Nonurban,plut_exp3_b10-0036,36,0.255,0.337,0.338
Pluteus,Exp3,B10,Exp3_B10,Twp,P10,NP,Nonurban,plut_exp3_b10-0039,39,0.264,0.328,0.324
Pluteus,Exp3,B10,Exp3_B10,Twp,P10,NP,Nonurban,plut_exp3_b10-0042,42,0.252,0.357,0.33
Pluteus,Exp3,B10,Exp3_B10,Twp,P10,NP,Nonurban,plut_exp3_b10-0043,43,0.244,0.336,0.332
Pluteus,Exp3,B10,Exp3_B10,Twp,P10,NP,Nonurban,plut_exp3_b10-0045,45,0.227,0.274,0.274
Pluteus,Exp3,B11,Exp3_B11,Cab,P11,C,Urban,plut_exp3_b11-0003,2,0.21,0.244,0.243
Pluteus,Exp3,B11,Exp3_B11,Cab,P11,C,Urban,plut_exp3_b11-0004,3,0.217,0.274,0.274
Pluteus,Exp3,B11,Exp3_B11,Cab,P11,C,Urban,plut_exp3_b11-0010,9,0.169,0.195,0.219
Pluteus,Exp3,B11,Exp3_B11,Cab,P11,C,Urban,plut_exp3_b11-0013,12,0.234,0.273,0.273
Pluteus,Exp3,B11,Exp3_B11,Cab,P11,C,Urban,plut_exp3_b11-0014,13,0.218,0.235,0.235
Pluteus,Exp3,B11,Exp3_B11,Cab,P11,C,Urban,plut_exp3_b11-0016,15,0.236,0.259,0.267
Pluteus,Exp3,B11,Exp3_B11,Cab,P11,C,Urban,plut_exp3_b11-0020,20,0.219,0.269,0.268
Pluteus,Exp3,B11,Exp3_B11,Cab,P11,C,Urban,plut_exp3_b11-0024,24,0.212,0.247,0.245
Pluteus,Exp3,B11,Exp3_B11,Cab,P11,C,Urban,plut_exp3_b11-0025,25,0.22,0.323,0.297
Pluteus,Exp3,B11,Exp3_B11,Cab,P11,C,Urban,plut_exp3_b11-0031,31,0.243,0.27,0.28
Pluteus,Exp3,B11,Exp3_B11,Cab,P11,C,Urban,plut_exp3_b11-0032,32,0.244,0.286,0.279
Pluteus,Exp3,B13,Exp3_B13,Wh,P11,C,Urban,plut_exp3_b13-0003,2,0.209,0.233,0.245
Pluteus,Exp3,B13,Exp3_B13,Wh,P11,C,Urban,plut_exp3_b13-0004,3,0.269,0.318,0.324
Pluteus,Exp3,B13,Exp3_B13,Wh,P11,C,Urban,plut_exp3_b13-0007,7,0.25,0.306,0.288
Pluteus,Exp3,B13,Exp3_B13,Wh,P11,C,Urban,plut_exp3_b13-0011,10,0.259,0.325,0.332
Pluteus,Exp3,B13,Exp3_B13,Wh,P11,C,Urban,plut_exp3_b13-0012,11,0.206,0.301,0.301
Pluteus,Exp3,B13,Exp3_B13,Wh,P11,C,Urban,plut_exp3_b13-0014,13,0.247,0.294,0.299
Pluteus,Exp3,B13,Exp3_B13,Wh,P11,C,Urban,plut_exp3_b13-0016,15,0.252,0.279,0.292
Pluteus,Exp3,B13,Exp3_B13,Wh,P11,C,Urban,plut_exp3_b13-0023,23,0.227,0.266,0.269
Pluteus,Exp3,B13,Exp3_B13,Wh,P11,C,Urban,plut_exp3_b13-0027,27,0.236,0.284,0.271
Pluteus,Exp3,B13,Exp3_B13,Wh,P11,C,Urban,plut_exp3_b13-0030,30,0.266,0.303,0.33
Pluteus,Exp3,B14,Exp3_B14,Trp,P9,C,Nonurban,plut_exp3_b14-0002,1,0.215,0.258,0.264
Pluteus,Exp3,B16,Exp3_B16,Cab,P10,C,Urban,plut_exp3_b16-0024,19,0.229,0.252,0.239
Pluteus,Exp3,B16,Exp3_B16,Cab,P10,C,Urban,plut_exp3_b16-0025,20,0.22,0.243,0.234
Pluteus,Exp3,B16,Exp3_B16,Cab,P10,C,Urban,plut_exp3_b16-0029,23,0.252,0.273,0.259
Pluteus,Exp3,B16,Exp3_B16,Cab,P10,C,Urban,plut_exp3_b16-0030,24,0.256,0.261,0.261
Pluteus,Exp3,B16,Exp3_B16,Cab,P10,C,Urban,plut_exp3_b16-0031,25,0.203,0.245,0.231
Pluteus,Exp3,B16,Exp3_B16,Cab,P10,C,Urban,plut_exp3_b16-0034,28,0.256,0.294,0.284
Pluteus,Exp3,B16,Exp3_B16,Cab,P10,C,Urban,plut_exp3_b16-0035,29,0.17,0.223,0.209
Pluteus,Exp3,B16,Exp3_B16,Cab,P10,C,Urban,plut_exp3_b16-0041,35,0.263,0.291,0.293
Pluteus,Exp3,B17,Exp3_B17,Twp,P9,NP,Nonurban,plut_exp3_b17-0003,2,0.201,0.208,0.215
Pluteus,Exp3,B17,Exp3_B17,Twp,P9,NP,Nonurban,plut_exp3_b17-0009,8,0.233,0.266,0.252
Pluteus,Exp3,B17,Exp3_B17,Twp,P9,NP,Nonurban,plut_exp3_b17-0013,12,0.189,0.216,0.203
Pluteus,Exp3,B17,Exp3_B17,Twp,P9,NP,Nonurban,plut_exp3_b17-0016,15,0.245,0.275,0.284
Pluteus,Exp3,B17,Exp3_B17,Twp,P9,NP,Nonurban,plut_exp3_b17-0020,19,0.259,0.317,0.309
Pluteus,Exp3,B18,Exp3_B18,Wh,P10,NP,Urban,plut_exp3_b18-0003,1,0.264,0.36,0.365
Pluteus,Exp3,B18,Exp3_B18,Wh,P10,NP,Urban,plut_exp3_b18-0004,2,0.268,0.361,0.363
Pluteus,Exp3,B18,Exp3_B18,Wh,P10,NP,Urban,plut_exp3_b18-0005,3,0.259,0.357,0.361
Pluteus,Exp3,B18,Exp3_B18,Wh,P10,NP,Urban,plut_exp3_b18-0006,4,0.249,0.345,0.368
Pluteus,Exp3,B18,Exp3_B18,Wh,P10,NP,Urban,plut_exp3_b18-0007,5,0.219,0.296,0.303
Pluteus,Exp3,B18,Exp3_B18,Wh,P10,NP,Urban,plut_exp3_b18-0008,6,0.264,0.373,0.365
Pluteus,Exp3,B18,Exp3_B18,Wh,P10,NP,Urban,plut_exp3_b18-0009,7,0.262,0.366,0.362
Pluteus,Exp3,B18,Exp3_B18,Wh,P10,NP,Urban,plut_exp3_b18-0013,11,0.235,0.332,0.328
Pluteus,Exp3,B18,Exp3_B18,Wh,P10,NP,Urban,plut_exp3_b18-0017,14,0.188,0.215,0.219
Pluteus,Exp3,B18,Exp3_B18,Wh,P10,NP,Urban,plut_exp3_b18-0018,15,0.207,0.301,0.294
Pluteus,Exp3,B18,Exp3_B18,Wh,P10,NP,Urban,plut_exp3_b18-0019,16,0.233,0.35,0.335
Pluteus,Exp3,B18,Exp3_B18,Wh,P10,NP,Urban,plut_exp3_b18-0021,18,0.24,0.325,0.346
Pluteus,Exp3,B18,Exp3_B18,Wh,P10,NP,Urban,plut_exp3_b18-0022,19,0.223,0.305,0.317
Pluteus,Exp3,B18,Exp3_B18,Wh,P10,NP,Urban,plut_exp3_b18-0023,20,0.24,0.344,0.321
Pluteus,Exp3,B18,Exp3_B18,Wh,P10,NP,Urban,plut_exp3_b18-0024,21,0.265,0.381,0.373
Pluteus,Exp3,B18,Exp3_B18,Wh,P10,NP,Urban,plut_exp3_b18-0025,22,0.228,0.3,0.313
Pluteus,Exp3,B18,Exp3_B18,Wh,P10,NP,Urban,plut_exp3_b18-0026,23,0.273,0.379,0.366
Pluteus,Exp3,B18,Exp3_B18,Wh,P10,NP,Urban,plut_exp3_b18-0027,24,0.28,0.378,0.375
Pluteus,Exp3,B18,Exp3_B18,Wh,P10,NP,Urban,plut_exp3_b18-0028,25,0.253,0.371,0.353
Pluteus,Exp3,B18,Exp3_B18,Wh,P10,NP,Urban,plut_exp3_b18-0030,26,0.254,0.363,0.372
Pluteus,Exp3,B18,Exp3_B18,Wh,P10,NP,Urban,plut_exp3_b18-0032,28,0.28,0.387,0.39
Pluteus,Exp3,B18,Exp3_B18,Wh,P10,NP,Urban,plut_exp3_b18-0033,29,0.252,0.346,0.366
Pluteus,Exp3,B18,Exp3_B18,Wh,P10,NP,Urban,plut_exp3_b18-0034,30,0.253,0.349,0.362
Pluteus,Exp3,B18,Exp3_B18,Wh,P10,NP,Urban,plut_exp3_b18-0035,31,0.262,0.362,0.376
Pluteus,Exp3,B18,Exp3_B18,Wh,P10,NP,Urban,plut_exp3_b18-0036,32,0.265,0.372,0.383
Pluteus,Exp3,B18,Exp3_B18,Wh,P10,NP,Urban,plut_exp3_b18-0037,33,0.266,0.364,0.365
Pluteus,Exp3,B18,Exp3_B18,Wh,P10,NP,Urban,plut_exp3_b18-0039,35,0.242,0.365,0.361
Pluteus,Exp3,B18,Exp3_B18,Wh,P10,NP,Urban,plut_exp3_b18-0039,36,0.267,0.371,0.374
Pluteus,Exp3,B18,Exp3_B18,Wh,P10,NP,Urban,plut_exp3_b18-0042,39,0.262,0.359,0.375
Pluteus,Exp3,B18,Exp3_B18,Wh,P10,NP,Urban,plut_exp3_b18-0043,40,0.274,0.382,0.396
Pluteus,Exp3,B18,Exp3_B18,Wh,P10,NP,Urban,plut_exp3_b18-0045,41,0.261,0.354,0.367
Pluteus,Exp3,B18,Exp3_B18,Wh,P10,NP,Urban,plut_exp3_b18-0046,42,0.27,0.378,0.376
Pluteus,Exp3,B18,Exp3_B18,Wh,P10,NP,Urban,plut_exp3_b18-0047,43,0.252,0.354,0.339
Pluteus,Exp3,B18,Exp3_B18,Wh,P10,NP,Urban,plut_exp3_b18-0048,44,0.267,0.387,0.397
Pluteus,Exp3,B19,Exp3_B19,Cab,P12,NP,Urban,plut_exp3_b19-0003,2,0.261,0.362,0.366
Pluteus,Exp3,B19,Exp3_B19,Cab,P12,NP,Urban,plut_exp3_b19-0004,3,0.204,0.256,0.255
Pluteus,Exp3,B19,Exp3_B19,Cab,P12,NP,Urban,plut_exp3_b19-0006,5,0.268,0.378,0.37
Pluteus,Exp3,B19,Exp3_B19,Cab,P12,NP,Urban,plut_exp3_b19-0007,6,0.283,0.371,0.373
Pluteus,Exp3,B19,Exp3_B19,Cab,P12,NP,Urban,plut_exp3_b19-0013,12,0.256,0.361,0.386
Pluteus,Exp3,B19,Exp3_B19,Cab,P12,NP,Urban,plut_exp3_b19-0014,13,0.28,0.402,0.396
Pluteus,Exp3,B19,Exp3_B19,Cab,P12,NP,Urban,plut_exp3_b19-0015,14,0.261,0.365,0.352
Pluteus,Exp3,B19,Exp3_B19,Cab,P12,NP,Urban,plut_exp3_b19-0016,15,0.276,0.383,0.353
Pluteus,Exp3,B19,Exp3_B19,Cab,P12,NP,Urban,plut_exp3_b19-0019,18,0.22,0.326,0.352
Pluteus,Exp3,B19,Exp3_B19,Cab,P12,NP,Urban,plut_exp3_b19-0020,19,0.26,0.36,0.35
Pluteus,Exp3,B19,Exp3_B19,Cab,P12,NP,Urban,plut_exp3_b19-0021,20,0.28,0.385,0.402
Pluteus,Exp3,B19,Exp3_B19,Cab,P12,NP,Urban,plut_exp3_b19-0027,25,0.271,0.377,0.385
Pluteus,Exp3,B19,Exp3_B19,Cab,P12,NP,Urban,plut_exp3_b19-0033,30,0.264,0.377,0.38
Pluteus,Exp3,B19,Exp3_B19,Cab,P12,NP,Urban,plut_exp3_b19-0035,32,0.269,0.344,0.36
Pluteus,Exp3,B19,Exp3_B19,Cab,P12,NP,Urban,plut_exp3_b19-0039,36,0.247,0.376,0.352
Pluteus,Exp3,B19,Exp3_B19,Cab,P12,NP,Urban,plut_exp3_b19-0041,38,0.256,0.338,0.335
Pluteus,Exp3,B19,Exp3_B19,Cab,P12,NP,Urban,plut_exp3_b19-0047,44,0.274,0.401,0.399
Pluteus,Exp3,B19,Exp3_B19,Cab,P12,NP,Urban,plut_exp3_b19-0050,47,0.263,0.37,0.379
Pluteus,Exp3,B20,Exp3_B20,Trp,P11,C,Nonurban,plut_exp3_b20-0003,2,0.272,0.353,0.339
Pluteus,Exp3,B20,Exp3_B20,Trp,P11,C,Nonurban,plut_exp3_b20-0008,6,0.27,0.348,0.346
Pluteus,Exp3,B20,Exp3_B20,Trp,P11,C,Nonurban,plut_exp3_b20-0010,8,0.278,0.353,0.358
Pluteus,Exp3,B20,Exp3_B20,Trp,P11,C,Nonurban,plut_exp3_b20-0011,9,0.281,0.353,0.351
Pluteus,Exp3,B20,Exp3_B20,Trp,P11,C,Nonurban,plut_exp3_b20-0013,11,0.266,0.351,0.349
Pluteus,Exp3,B20,Exp3_B20,Trp,P11,C,Nonurban,plut_exp3_b20-0019,17,0.241,0.34,0.329
Pluteus,Exp3,B20,Exp3_B20,Trp,P11,C,Nonurban,plut_exp3_b20-0020,18,0.27,0.364,0.357
Pluteus,Exp3,B20,Exp3_B20,Trp,P11,C,Nonurban,plut_exp3_b20-0021,19,0.235,0.321,0.33
Pluteus,Exp3,B20,Exp3_B20,Trp,P11,C,Nonurban,plut_exp3_b20-0025,23,0.268,0.369,0.357
Pluteus,Exp3,B20,Exp3_B20,Trp,P11,C,Nonurban,plut_exp3_b20-0026,24,0.273,0.362,0.359
Pluteus,Exp3,B20,Exp3_B20,Trp,P11,C,Nonurban,plut_exp3_b20-0027,25,0.258,0.343,0.324
Pluteus,Exp3,B20,Exp3_B20,Trp,P11,C,Nonurban,plut_exp3_b20-0030,27,0.243,0.318,0.317
Pluteus,Exp3,B20,Exp3_B20,Trp,P11,C,Nonurban,plut_exp3_b20-0031,28,0.291,0.361,0.344
Pluteus,Exp3,B20,Exp3_B20,Trp,P11,C,Nonurban,plut_exp3_b20-0033,30,0.253,0.338,0.337
Pluteus,Exp3,B20,Exp3_B20,Trp,P11,C,Nonurban,plut_exp3_b20-0037,33,0.282,0.362,0.362
Pluteus,Exp3,B20,Exp3_B20,Trp,P11,C,Nonurban,plut_exp3_b20-0038,34,0.256,0.36,0.36
Pluteus,Exp3,B20,Exp3_B20,Trp,P11,C,Nonurban,plut_exp3_b20-0040,36,0.269,0.362,0.362
Pluteus,Exp3,B20,Exp3_B20,Trp,P11,C,Nonurban,plut_exp3_b20-0043,38,0.258,0.358,0.349
Pluteus,Exp3,B20,Exp3_B20,Trp,P11,C,Nonurban,plut_exp3_b20-0044,39,0.29,0.349,0.362
Pluteus,Exp3,B20,Exp3_B20,Trp,P11,C,Nonurban,plut_exp3_b20-0047,42,0.271,0.349,0.349
Pluteus,Exp3,B20,Exp3_B20,Trp,P11,C,Nonurban,plut_exp3_b20-0048,43,0.257,0.348,0.332
Pluteus,Exp3,B20,Exp3_B20,Trp,P11,C,Nonurban,plut_exp3_b20-0052,46,0.248,0.327,0.327
Pluteus,Exp3,B21,Exp3_B21,Wh,P9,NP,Urban,plut_exp3_b21-0002,1,0.255,0.35,0.366
Pluteus,Exp3,B21,Exp3_B21,Wh,P9,NP,Urban,plut_exp3_b21-0003,2,0.268,0.383,0.382
Pluteus,Exp3,B21,Exp3_B21,Wh,P9,NP,Urban,plut_exp3_b21-0005,4,0.27,0.364,0.373
Pluteus,Exp3,B21,Exp3_B21,Wh,P9,NP,Urban,plut_exp3_b21-0006,5,0.263,0.389,0.37
Pluteus,Exp3,B21,Exp3_B21,Wh,P9,NP,Urban,plut_exp3_b21-0007,6,0.274,0.376,0.376
Pluteus,Exp3,B21,Exp3_B21,Wh,P9,NP,Urban,plut_exp3_b21-0008,7,0.252,0.341,0.337
Pluteus,Exp3,B21,Exp3_B21,Wh,P9,NP,Urban,plut_exp3_b21-0009,8,0.256,0.377,0.366
Pluteus,Exp3,B21,Exp3_B21,Wh,P9,NP,Urban,plut_exp3_b21-0012,11,0.234,0.335,0.335
Pluteus,Exp3,B21,Exp3_B21,Wh,P9,NP,Urban,plut_exp3_b21-0016,15,0.259,0.365,0.363
Pluteus,Exp3,B21,Exp3_B21,Wh,P9,NP,Urban,plut_exp3_b21-0019,19,0.263,0.359,0.354
Pluteus,Exp3,B21,Exp3_B21,Wh,P9,NP,Urban,plut_exp3_b21-0024,26,0.275,0.385,0.377
Pluteus,Exp3,B21,Exp3_B21,Wh,P9,NP,Urban,plut_exp3_b21-0025,27,0.242,0.338,0.34
Pluteus,Exp3,B21,Exp3_B21,Wh,P9,NP,Urban,plut_exp3_b21-0026,28,0.252,0.369,0.35
Pluteus,Exp3,B21,Exp3_B21,Wh,P9,NP,Urban,plut_exp3_b21-0030,33,0.282,0.394,0.372
Pluteus,Exp3,B21,Exp3_B21,Wh,P9,NP,Urban,plut_exp3_b21-0031,34,0.285,0.395,0.39
Pluteus,Exp3,B21,Exp3_B21,Wh,P9,NP,Urban,plut_exp3_b21-0032,35,0.278,0.367,0.377
Pluteus,Exp3,B21,Exp3_B21,Wh,P9,NP,Urban,plut_exp3_b21-0037,41,0.285,0.392,0.403
Pluteus,Exp3,B21,Exp3_B21,Wh,P9,NP,Urban,plut_exp3_b21-0037,42,0.285,0.403,0.389
Pluteus,Exp3,B21,Exp3_B21,Wh,P9,NP,Urban,plut_exp3_b21-0039,45,0.271,0.379,0.37
Pluteus,Exp3,B21,Exp3_B21,Wh,P9,NP,Urban,plut_exp3_b21-0040,46,0.25,0.297,0.296
Pluteus,Exp3,B21,Exp3_B21,Wh,P9,NP,Urban,plut_exp3_b21-0042,47,0.239,0.336,0.342
Pluteus,Exp3,B21,Exp3_B21,Wh,P9,NP,Urban,plut_exp3_b21-0045,50,0.261,0.374,0.373
Pluteus,Exp3,B21,Exp3_B21,Wh,P9,NP,Urban,plut_exp3_b21-0046,51,0.221,0.296,0.295
Pluteus,Exp3,B21,Exp3_B21,Wh,P9,NP,Urban,plut_exp3_b21-0047,52,0.274,0.388,0.381
Pluteus,Exp3,B21,Exp3_B21,Wh,P9,NP,Urban,plut_exp3_b21-0052,55,0.285,0.386,0.377
Pluteus,Exp3,B21,Exp3_B21,Wh,P9,NP,Urban,plut_exp3_b21-0053,56,0.279,0.349,0.349
Pluteus,Exp3,B21,Exp3_B21,Wh,P9,NP,Urban,plut_exp3_b21-0058,61,0.286,0.398,0.37
Pluteus,Exp3,B23,Exp3_B23,Wh,P10,C,Urban,plut_exp3_b23-0005,3,0.23,0.303,0.295
Pluteus,Exp3,B23,Exp3_B23,Wh,P10,C,Urban,plut_exp3_b23-0006,4,0.206,0.226,0.248
Pluteus,Exp3,B23,Exp3_B23,Wh,P10,C,Urban,plut_exp3_b23-0009,7,0.212,0.308,0.283
Pluteus,Exp3,B23,Exp3_B23,Wh,P10,C,Urban,plut_exp3_b23-0016,14,0.255,0.335,0.324
Pluteus,Exp3,B23,Exp3_B23,Wh,P10,C,Urban,plut_exp3_b23-0018,16,0.228,0.294,0.27
Pluteus,Exp3,B23,Exp3_B23,Wh,P10,C,Urban,plut_exp3_b23-0021,19,0.189,0.209,0.237
Pluteus,Exp3,B23,Exp3_B23,Wh,P10,C,Urban,plut_exp3_b23-0023,21,0.247,0.331,0.323
Pluteus,Exp3,B23,Exp3_B23,Wh,P10,C,Urban,plut_exp3_b23-0024,22,0.229,0.313,0.293
Pluteus,Exp3,B24,Exp3_B24,Trp,P9,NP,Nonurban,plut_exp3_b24-0005,4,0.207,0.257,0.259
Pluteus,Exp3,B24,Exp3_B24,Trp,P9,NP,Nonurban,plut_exp3_b24-0006,5,0.21,0.301,0.264
Pluteus,Exp3,B24,Exp3_B24,Trp,P9,NP,Nonurban,plut_exp3_b24-0010,9,0.234,0.304,0.309
Pluteus,Exp3,B24,Exp3_B24,Trp,P9,NP,Nonurban,plut_exp3_b24-0014,13,0.253,0.342,0.329
Pluteus,Exp3,B24,Exp3_B24,Trp,P9,NP,Nonurban,plut_exp3_b24-0015,14,0.254,0.324,0.338
Pluteus,Exp3,B24,Exp3_B24,Trp,P9,NP,Nonurban,plut_exp3_b24-0016,15,0.238,0.307,0.319
Pluteus,Exp3,B24,Exp3_B24,Trp,P9,NP,Nonurban,plut_exp3_b24-0019,19,0.206,0.278,0.284
Pluteus,Exp3,B24,Exp3_B24,Trp,P9,NP,Nonurban,plut_exp3_b24-0020,20,0.268,0.358,0.337
Pluteus,Exp3,B24,Exp3_B24,Trp,P9,NP,Nonurban,plut_exp3_b24-0021,21,0.251,0.347,0.358
Pluteus,Exp3,B24,Exp3_B24,Trp,P9,NP,Nonurban,plut_exp3_b24-0024,24,0.209,0.261,0.274
Pluteus,Exp3,B24,Exp3_B24,Trp,P9,NP,Nonurban,plut_exp3_b24-0029,29,0.257,0.353,0.336
Pluteus,Exp3,B24,Exp3_B24,Trp,P9,NP,Nonurban,plut_exp3_b24-0030,31,0.241,0.333,0.33
Pluteus,Exp3,B24,Exp3_B24,Trp,P9,NP,Nonurban,plut_exp3_b24-0033,34,0.225,0.32,0.321
Pluteus,Exp3,B24,Exp3_B24,Trp,P9,NP,Nonurban,plut_exp3_b24-0034,35,0.245,0.355,0.33
Pluteus,Exp3,B24,Exp3_B24,Trp,P9,NP,Nonurban,plut_exp3_b24-0035,36,0.252,0.337,0.344
Pluteus,Exp3,B24,Exp3_B24,Trp,P9,NP,Nonurban,plut_exp3_b24-0039,38,0.243,0.336,0.336
Pluteus,Exp3,B24,Exp3_B24,Trp,P9,NP,Nonurban,plut_exp3_b24-0040,39,0.267,0.345,0.336
Pluteus,Exp3,B24,Exp3_B24,Trp,P9,NP,Nonurban,plut_exp3_b24-0043,42,0.226,0.327,0.323
Pluteus,Exp3,B24,Exp3_B24,Trp,P9,NP,Nonurban,plut_exp3_b24-0047,47,0.255,0.356,0.33
Pluteus,Exp3,B24,Exp3_B24,Trp,P9,NP,Nonurban,plut_exp3_b24-0049,7,0.252,0.359,0.354
Pluteus,Exp3,B25,Exp3_B25,Cab,P9,NP,Urban,plut_exp3_b25-0002,1,0.249,0.384,0.365
Pluteus,Exp3,B25,Exp3_B25,Cab,P9,NP,Urban,plut_exp3_b25-0003,2,0.263,0.327,0.318
Pluteus,Exp3,B25,Exp3_B25,Cab,P9,NP,Urban,plut_exp3_b25-0005,4,0.27,0.375,0.387
Pluteus,Exp3,B25,Exp3_B25,Cab,P9,NP,Urban,plut_exp3_b25-0011,10,0.257,0.367,0.363
Pluteus,Exp3,B25,Exp3_B25,Cab,P9,NP,Urban,plut_exp3_b25-0012,11,0.258,0.387,0.381
Pluteus,Exp3,B25,Exp3_B25,Cab,P9,NP,Urban,plut_exp3_b25-0013,12,0.248,0.37,0.369
Pluteus,Exp3,B25,Exp3_B25,Cab,P9,NP,Urban,plut_exp3_b25-0017,16,0.259,0.382,0.384
Pluteus,Exp3,B25,Exp3_B25,Cab,P9,NP,Urban,plut_exp3_b25-0018,17,0.257,0.385,0.363
Pluteus,Exp3,B25,Exp3_B25,Cab,P9,NP,Urban,plut_exp3_b25-0020,19,0.24,0.362,0.358
Pluteus,Exp3,B25,Exp3_B25,Cab,P9,NP,Urban,plut_exp3_b25-0025,25,0.259,0.386,0.354
Pluteus,Exp3,B25,Exp3_B25,Cab,P9,NP,Urban,plut_exp3_b25-0026,26,0.254,0.382,0.376
Pluteus,Exp3,B25,Exp3_B25,Cab,P9,NP,Urban,plut_exp3_b25-0029,29,0.221,0.341,0.337
Pluteus,Exp3,B25,Exp3_B25,Cab,P9,NP,Urban,plut_exp3_b25-0030,31,0.234,0.348,0.354
Pluteus,Exp3,B25,Exp3_B25,Cab,P9,NP,Urban,plut_exp3_b25-0031,32,0.255,0.364,0.367
Pluteus,Exp3,B25,Exp3_B25,Cab,P9,NP,Urban,plut_exp3_b25-0032,33,0.265,0.397,0.404
Pluteus,Exp3,B25,Exp3_B25,Cab,P9,NP,Urban,plut_exp3_b25-0033,34,0.244,0.376,0.361
Pluteus,Exp3,B25,Exp3_B25,Cab,P9,NP,Urban,plut_exp3_b25-0034,35,0.255,0.37,0.375
Pluteus,Exp3,B25,Exp3_B25,Cab,P9,NP,Urban,plut_exp3_b25-0036,37,0.247,0.383,0.382
Pluteus,Exp3,B25,Exp3_B25,Cab,P9,NP,Urban,plut_exp3_b25-0037,38,0.271,0.396,0.385
Pluteus,Exp3,B25,Exp3_B25,Cab,P9,NP,Urban,plut_exp3_b25-0038,39,0.26,0.381,0.373
Pluteus,Exp3,B25,Exp3_B25,Cab,P9,NP,Urban,plut_exp3_b25-0041,42,0.266,0.393,0.394
Pluteus,Exp3,B25,Exp3_B25,Cab,P9,NP,Urban,plut_exp3_b25-0047,48,0.254,0.378,0.37
Pluteus,Exp3,B25,Exp3_B25,Cab,P9,NP,Urban,plut_exp3_b25-0049,51,0.259,0.374,0.374
Pluteus,Exp3,B25,Exp3_B25,Cab,P9,NP,Urban,plut_exp3_b25-0051,53,0.23,0.351,0.347
Pluteus,Exp3,B25,Exp3_B25,Cab,P9,NP,Urban,plut_exp3_b25-0053,54,0.252,0.362,0.377
Pluteus,Exp3,B25,Exp3_B25,Cab,P9,NP,Urban,plut_exp3_b25-0054,55,0.246,0.366,0.369
Pluteus,Exp3,B25,Exp3_B25,Cab,P9,NP,Urban,plut_exp3_b25-0055,56,0.256,0.372,0.345
Pluteus,Exp3,B25,Exp3_B25,Cab,P9,NP,Urban,plut_exp3_b25-0057,58,0.252,0.372,0.364
Pluteus,Exp3,B25,Exp3_B25,Cab,P9,NP,Urban,plut_exp3_b25-0058,59,0.251,0.38,0.392
Pluteus,Exp3,B26,Exp3_B26,Twp,P10,C,Nonurban,plut_exp3_b26-0009,7,0.239,0.289,0.302
Pluteus,Exp3,B26,Exp3_B26,Twp,P10,C,Nonurban,plut_exp3_b26-0010,8,0.184,0.222,0.22
Pluteus,Exp3,B26,Exp3_B26,Twp,P10,C,Nonurban,plut_exp3_b26-0011,9,0.228,0.295,0.285
Pluteus,Exp3,B26,Exp3_B26,Twp,P10,C,Nonurban,plut_exp3_b26-0014,14,0.201,0.286,0.271
Pluteus,Exp3,B26,Exp3_B26,Twp,P10,C,Nonurban,plut_exp3_b26-0019,21,0.233,0.328,0.302
Pluteus,Exp3,B26,Exp3_B26,Twp,P10,C,Nonurban,plut_exp3_b26-0024,27,0.207,0.254,0.254
Pluteus,Exp3,B26,Exp3_B26,Twp,P10,C,Nonurban,plut_exp3_b26-0026,29,0.232,0.297,0.301
Pluteus,Exp3,B26,Exp3_B26,Twp,P10,C,Nonurban,plut_exp3_b26-0029,32,0.204,0.265,0.265
Pluteus,Exp3,B26,Exp3_B26,Twp,P10,C,Nonurban,plut_exp3_b26-0030,35,0.214,0.305,0.305
Pluteus,Exp3,B26,Exp3_B26,Twp,P10,C,Nonurban,plut_exp3_b26-0031,36,0.223,0.307,0.31
Pluteus,Exp3,B26,Exp3_B26,Twp,P10,C,Nonurban,plut_exp3_b26-0032,37,0.199,0.301,0.301
Pluteus,Exp3,B26,Exp3_B26,Twp,P10,C,Nonurban,plut_exp3_b26-0037,42,0.239,0.313,0.311
Pluteus,Exp3,B26,Exp3_B26,Twp,P10,C,Nonurban,plut_exp3_b26-0042,49,0.221,0.285,0.281
Pluteus,Exp3,B26,Exp3_B26,Twp,P10,C,Nonurban,plut_exp3_b26-0043,52,0.215,0.279,0.278
Pluteus,Exp3,B26,Exp3_B26,Twp,P10,C,Nonurban,plut_exp3_b26-0050,59,0.215,0.265,0.259
Pluteus,Exp3,B26,Exp3_B26,Twp,P10,C,Nonurban,plut_exp3_b26-0051,60,0.237,0.314,0.313
Pluteus,Exp3,B26,Exp3_B26,Twp,P10,C,Nonurban,plut_exp3_b26-0052,61,0.238,0.311,0.302
Pluteus,Exp3,B26,Exp3_B26,Twp,P10,C,Nonurban,plut_exp3_b26-0053,62,0.227,0.29,0.279
Pluteus,Exp3,B26,Exp3_B26,Twp,P10,C,Nonurban,plut_exp3_b26-0058,67,0.222,0.28,0.271
Pluteus,Exp3,B26,Exp3_B26,Twp,P10,C,Nonurban,plut_exp3_b26-0059,68,0.211,0.269,0.26
Pluteus,Exp3,B27,Exp3_B27,Cab,P11,NP,Urban,plut_exp3_b27-0002,1,0.234,0.326,0.309
Pluteus,Exp3,B27,Exp3_B27,Cab,P11,NP,Urban,plut_exp3_b27-0003,2,0.258,0.339,0.34
Pluteus,Exp3,B27,Exp3_B27,Cab,P11,NP,Urban,plut_exp3_b27-0008,7,0.223,0.303,0.301
Pluteus,Exp3,B27,Exp3_B27,Cab,P11,NP,Urban,plut_exp3_b27-0011,9,0.27,0.356,0.364
Pluteus,Exp3,B27,Exp3_B27,Cab,P11,NP,Urban,plut_exp3_b27-0012,10,0.219,0.295,0.306
Pluteus,Exp3,B27,Exp3_B27,Cab,P11,NP,Urban,plut_exp3_b27-0014,12,0.269,0.348,0.354
Pluteus,Exp3,B27,Exp3_B27,Cab,P11,NP,Urban,plut_exp3_b27-0016,14,0.226,0.295,0.327
Pluteus,Exp3,B27,Exp3_B27,Cab,P11,NP,Urban,plut_exp3_b27-0021,20,0.192,0.23,0.221
Pluteus,Exp3,B27,Exp3_B27,Cab,P11,NP,Urban,plut_exp3_b27-0022,21,0.253,0.319,0.327
Pluteus,Exp3,B27,Exp3_B27,Cab,P11,NP,Urban,plut_exp3_b27-0024,23,0.265,0.342,0.344
Pluteus,Exp3,B27,Exp3_B27,Cab,P11,NP,Urban,plut_exp3_b27-0025,24,0.221,0.31,0.298
Pluteus,Exp3,B27,Exp3_B27,Cab,P11,NP,Urban,plut_exp3_b27-0026,25,0.243,0.331,0.339
Pluteus,Exp3,B27,Exp3_B27,Cab,P11,NP,Urban,plut_exp3_b27-0028,27,0.172,0.218,0.236
Pluteus,Exp3,B27,Exp3_B27,Cab,P11,NP,Urban,plut_exp3_b27-0030,29,0.242,0.318,0.311
Pluteus,Exp3,B27,Exp3_B27,Cab,P11,NP,Urban,plut_exp3_b27-0033,32,0.23,0.339,0.284
Pluteus,Exp3,B27,Exp3_B27,Cab,P11,NP,Urban,plut_exp3_b27-0034,33,0.219,0.301,0.284
Pluteus,Exp3,B29,Exp3_B29,Trp,P10,C,Nonurban,plut_exp3_b29-0007,5,0.256,0.316,0.316
Pluteus,Exp3,B29,Exp3_B29,Trp,P10,C,Nonurban,plut_exp3_b29-0009,7,0.18,0.21,0.213
Pluteus,Exp3,B29,Exp3_B29,Trp,P10,C,Nonurban,plut_exp3_b29-0011,9,0.247,0.282,0.298
Pluteus,Exp3,B29,Exp3_B29,Trp,P10,C,Nonurban,plut_exp3_b29-0013,11,0.232,0.279,0.291
Pluteus,Exp3,B29,Exp3_B29,Trp,P10,C,Nonurban,plut_exp3_b29-0014,12,0.204,0.241,0.227
Pluteus,Exp3,B29,Exp3_B29,Trp,P10,C,Nonurban,plut_exp3_b29-0015,13,0.25,0.292,0.298
Pluteus,Exp3,B29,Exp3_B29,Trp,P10,C,Nonurban,plut_exp3_b29-0018,16,0.207,0.244,0.242
Pluteus,Exp3,B29,Exp3_B29,Trp,P10,C,Nonurban,plut_exp3_b29-0020,18,0.242,0.284,0.3
Pluteus,Exp3,B29,Exp3_B29,Trp,P10,C,Nonurban,plut_exp3_b29-0022,20,0.235,0.285,0.304
Pluteus,Exp3,B29,Exp3_B29,Trp,P10,C,Nonurban,plut_exp3_b29-0027,26,0.205,0.239,0.238
Pluteus,Exp3,B29,Exp3_B29,Trp,P10,C,Nonurban,plut_exp3_b29-0028,27,0.216,0.242,0.242
Pluteus,Exp3,B30,Exp3_B30,Wh,P9,C,Urban,plut_exp3_b30-0002,1,0.27,0.368,0.328
Pluteus,Exp3,B30,Exp3_B30,Wh,P9,C,Urban,plut_exp3_b30-0006,5,0.25,0.338,0.332
Pluteus,Exp3,B30,Exp3_B30,Wh,P9,C,Urban,plut_exp3_b30-0007,6,0.241,0.315,0.31
Pluteus,Exp3,B30,Exp3_B30,Wh,P9,C,Urban,plut_exp3_b30-0009,8,0.281,0.36,0.355
Pluteus,Exp3,B30,Exp3_B30,Wh,P9,C,Urban,plut_exp3_b30-0014,13,0.272,0.355,0.341
Pluteus,Exp3,B30,Exp3_B30,Wh,P9,C,Urban,plut_exp3_b30-0018,17,0.247,0.35,0.326
Pluteus,Exp3,B30,Exp3_B30,Wh,P9,C,Urban,plut_exp3_b30-0019,18,0.248,0.342,0.333
Pluteus,Exp3,B30,Exp3_B30,Wh,P9,C,Urban,plut_exp3_b30-0021,20,0.273,0.352,0.355
Pluteus,Exp3,B30,Exp3_B30,Wh,P9,C,Urban,plut_exp3_b30-0024,23,0.257,0.319,0.316
Pluteus,Exp3,B31,Exp3_B31,Cab,P12,C,Urban,plut_exp3_b31-0006,5,0.26,0.353,0.347
Pluteus,Exp3,B31,Exp3_B31,Cab,P12,C,Urban,plut_exp3_b31-0010,9,0.255,0.325,0.325
Pluteus,Exp3,B31,Exp3_B31,Cab,P12,C,Urban,plut_exp3_b31-0014,13,0.251,0.321,0.331
Pluteus,Exp3,B31,Exp3_B31,Cab,P12,C,Urban,plut_exp3_b31-0015,14,0.216,0.319,0.291
Pluteus,Exp3,B31,Exp3_B31,Cab,P12,C,Urban,plut_exp3_b31-0020,18,0.253,0.31,0.319
Pluteus,Exp3,B31,Exp3_B31,Cab,P12,C,Urban,plut_exp3_b31-0026,23,0.228,0.304,0.291
Pluteus,Exp4,B1,Exp4_B1,Cab,P13,C,Urban,plut_exp4_b1-0003,3,0.261,0.346,0.333
Pluteus,Exp4,B1,Exp4_B1,Cab,P13,C,Urban,plut_exp4_b1-0004,4,0.277,0.347,0.349
Pluteus,Exp4,B1,Exp4_B1,Cab,P13,C,Urban,plut_exp4_b1-0005,5,0.247,0.319,0.325
Pluteus,Exp4,B1,Exp4_B1,Cab,P13,C,Urban,plut_exp4_b1-0009,10,0.23,0.325,0.303
Pluteus,Exp4,B1,Exp4_B1,Cab,P13,C,Urban,plut_exp4_b1-0010,11,0.268,0.342,0.354
Pluteus,Exp4,B1,Exp4_B1,Cab,P13,C,Urban,plut_exp4_b1-0012,13,0.277,0.369,0.348
Pluteus,Exp4,B1,Exp4_B1,Cab,P13,C,Urban,plut_exp4_b1-0015,18,0.268,0.345,0.338
Pluteus,Exp4,B1,Exp4_B1,Cab,P13,C,Urban,plut_exp4_b1-0026,29,0.228,0.311,0.307
Pluteus,Exp4,B1,Exp4_B1,Cab,P13,C,Urban,plut_exp4_b1-0027,30,0.268,0.347,0.348
Pluteus,Exp4,B1,Exp4_B1,Cab,P13,C,Urban,plut_exp4_b1-0029,32,0.258,0.319,0.329
Pluteus,Exp4,B1,Exp4_B1,Cab,P13,C,Urban,plut_exp4_b1-0032,35,0.237,0.297,0.324
Pluteus,Exp4,B1,Exp4_B1,Cab,P13,C,Urban,plut_exp4_b1-0033,36,0.255,0.335,0.341
Pluteus,Exp4,B1,Exp4_B1,Cab,P13,C,Urban,plut_exp4_b1-0036,38,0.24,0.33,0.322
Pluteus,Exp4,B1,Exp4_B1,Cab,P13,C,Urban,plut_exp4_b1-0041,42,0.255,0.322,0.316
Pluteus,Exp4,B1,Exp4_B1,Cab,P13,C,Urban,plut_exp4_b1-0042,43,0.282,0.353,0.367
Pluteus,Exp4,B1,Exp4_B1,Cab,P13,C,Urban,plut_exp4_b1-0044,45,0.24,0.315,0.324
Pluteus,Exp4,B1,Exp4_B1,Cab,P13,C,Urban,plut_exp4_b1-0045,46,0.256,0.288,0.283
Pluteus,Exp4,B1,Exp4_B1,Cab,P13,C,Urban,plut_exp4_b1-0047,48,0.251,0.331,0.328
Pluteus,Exp4,B1,Exp4_B1,Cab,P13,C,Urban,plut_exp4_b1-0051,52,0.264,0.352,0.345
Pluteus,Exp4,B1,Exp4_B1,Cab,P13,C,Urban,plut_exp4_b1-0058,59,0.25,0.325,0.354
Pluteus,Exp4,B1,Exp4_B1,Cab,P13,C,Urban,plut_exp4_b1-0060,61,0.246,0.346,0.319
Pluteus,Exp4,B1,Exp4_B1,Cab,P13,C,Urban,plut_exp4_b1-0075,76,0.279,0.353,0.364
Pluteus,Exp4,B3,Exp4_B3,Cab,P14,NP,Urban,plut_exp4_b3-0006,5,0.241,0.311,0.316
Pluteus,Exp4,B3,Exp4_B3,Cab,P14,NP,Urban,plut_exp4_b3-0006,6,0.211,0.297,0.289
Pluteus,Exp4,B3,Exp4_B3,Cab,P14,NP,Urban,plut_exp4_b3-0009,9,0.231,0.309,0.309
Pluteus,Exp4,B3,Exp4_B3,Cab,P14,NP,Urban,plut_exp4_b3-0011,11,0.231,0.32,0.32
Pluteus,Exp4,B3,Exp4_B3,Cab,P14,NP,Urban,plut_exp4_b3-0014,14,0.226,0.293,0.307
Pluteus,Exp4,B3,Exp4_B3,Cab,P14,NP,Urban,plut_exp4_b3-0015,15,0.258,0.351,0.351
Pluteus,Exp4,B3,Exp4_B3,Cab,P14,NP,Urban,plut_exp4_b3-0022,22,0.266,0.358,0.341
Pluteus,Exp4,B3,Exp4_B3,Cab,P14,NP,Urban,plut_exp4_b3-0024,24,0.249,0.334,0.338
Pluteus,Exp4,B3,Exp4_B3,Cab,P14,NP,Urban,plut_exp4_b3-0025,25,0.262,0.374,0.376
Pluteus,Exp4,B3,Exp4_B3,Cab,P14,NP,Urban,plut_exp4_b3-0027,27,0.254,0.337,0.355
Pluteus,Exp4,B3,Exp4_B3,Cab,P14,NP,Urban,plut_exp4_b3-0028,28,0.212,0.284,0.291
Pluteus,Exp4,B3,Exp4_B3,Cab,P14,NP,Urban,plut_exp4_b3-0029,29,0.259,0.345,0.361
Pluteus,Exp4,B3,Exp4_B3,Cab,P14,NP,Urban,plut_exp4_b3-0029,30,0.248,0.33,0.317
Pluteus,Exp4,B3,Exp4_B3,Cab,P14,NP,Urban,plut_exp4_b3-0030,31,0.286,0.381,0.364
Pluteus,Exp4,B3,Exp4_B3,Cab,P14,NP,Urban,plut_exp4_b3-0031,32,0.258,0.336,0.344
Pluteus,Exp4,B3,Exp4_B3,Cab,P14,NP,Urban,plut_exp4_b3-0033,35,0.252,0.34,0.34
Pluteus,Exp4,B3,Exp4_B3,Cab,P14,NP,Urban,plut_exp4_b3-0035,37,0.252,0.322,0.334
Pluteus,Exp4,B3,Exp4_B3,Cab,P14,NP,Urban,plut_exp4_b3-0036,38,0.262,0.343,0.342
Pluteus,Exp4,B3,Exp4_B3,Cab,P14,NP,Urban,plut_exp4_b3-0040,42,0.25,0.31,0.315
Pluteus,Exp4,B3,Exp4_B3,Cab,P14,NP,Urban,plut_exp4_b3-0043,45,0.266,0.354,0.358
Pluteus,Exp4,B5,Exp4_B5,Wh,P13,C,Urban,plut_exp4_b5-0003,1,0.243,0.343,0.328
Pluteus,Exp4,B5,Exp4_B5,Wh,P13,C,Urban,plut_exp4_b5-0009,7,0.249,0.339,0.352
Pluteus,Exp4,B5,Exp4_B5,Wh,P13,C,Urban,plut_exp4_b5-0010,8,0.258,0.335,0.351
Pluteus,Exp4,B5,Exp4_B5,Wh,P13,C,Urban,plut_exp4_b5-0012,10,0.247,0.318,0.319
Pluteus,Exp4,B5,Exp4_B5,Wh,P13,C,Urban,plut_exp4_b5-0015,13,0.269,0.367,0.371
Pluteus,Exp4,B5,Exp4_B5,Wh,P13,C,Urban,plut_exp4_b5-0016,14,0.191,0.232,0.23
Pluteus,Exp4,B5,Exp4_B5,Wh,P13,C,Urban,plut_exp4_b5-0018,16,0.272,0.37,0.367
Pluteus,Exp4,B5,Exp4_B5,Wh,P13,C,Urban,plut_exp4_b5-0026,25,0.286,0.374,0.382
Pluteus,Exp4,B5,Exp4_B5,Wh,P13,C,Urban,plut_exp4_b5-0028,27,0.238,0.291,0.291
Pluteus,Exp4,B5,Exp4_B5,Wh,P13,C,Urban,plut_exp4_b5-0029,29,0.221,0.325,0.291
Pluteus,Exp4,B5,Exp4_B5,Wh,P13,C,Urban,plut_exp4_b5-0031,31,0.243,0.321,0.305
Pluteus,Exp4,B5,Exp4_B5,Wh,P13,C,Urban,plut_exp4_b5-0032,32,0.292,0.372,0.378
Pluteus,Exp4,B5,Exp4_B5,Wh,P13,C,Urban,plut_exp4_b5-0034,34,0.247,0.314,0.328
Pluteus,Exp4,B6,Exp4_B6,Cab,P16,C,Urban,plut_exp4_b6-0005,4,0.233,0.289,0.296
Pluteus,Exp4,B6,Exp4_B6,Cab,P16,C,Urban,plut_exp4_b6-0006,5,0.25,0.334,0.329
Pluteus,Exp4,B6,Exp4_B6,Cab,P16,C,Urban,plut_exp4_b6-0009,8,0.221,0.304,0.282
Pluteus,Exp4,B6,Exp4_B6,Cab,P16,C,Urban,plut_exp4_b6-0011,10,0.266,0.321,0.328
Pluteus,Exp4,B6,Exp4_B6,Cab,P16,C,Urban,plut_exp4_b6-0016,15,0.266,0.341,0.332
Pluteus,Exp4,B6,Exp4_B6,Cab,P16,C,Urban,plut_exp4_b6-0019,18,0.201,,
Pluteus,Exp4,B6,Exp4_B6,Cab,P16,C,Urban,plut_exp4_b6-0020,19,0.252,0.312,0.303
Pluteus,Exp4,B6,Exp4_B6,Cab,P16,C,Urban,plut_exp4_b6-0022,21,0.256,0.329,0.32
Pluteus,Exp4,B6,Exp4_B6,Cab,P16,C,Urban,plut_exp4_b6-0023,22,0.236,0.299,0.292
Pluteus,Exp4,B6,Exp4_B6,Cab,P16,C,Urban,plut_exp4_b6-0027,25,0.264,0.346,0.355
Pluteus,Exp4,B6,Exp4_B6,Cab,P16,C,Urban,plut_exp4_b6-0028,26,0.245,0.333,0.323
Pluteus,Exp4,B6,Exp4_B6,Cab,P16,C,Urban,plut_exp4_b6-0029,27,0.209,0.283,0.274
Pluteus,Exp4,B6,Exp4_B6,Cab,P16,C,Urban,plut_exp4_b6-0032,30,0.274,0.362,0.369
Pluteus,Exp4,B6,Exp4_B6,Cab,P16,C,Urban,plut_exp4_b6-0034,33,0.213,,
Pluteus,Exp4,B6,Exp4_B6,Cab,P16,C,Urban,plut_exp4_b6-0035,34,0.245,0.343,0.331
Pluteus,Exp4,B6,Exp4_B6,Cab,P16,C,Urban,plut_exp4_b6-0040,39,0.253,0.337,0.349
Pluteus,Exp4,B6,Exp4_B6,Cab,P16,C,Urban,plut_exp4_b6-0041,40,0.196,0.267,0.256
Pluteus,Exp4,B6,Exp4_B6,Cab,P16,C,Urban,plut_exp4_b6-0043,43,0.257,0.313,0.326
Pluteus,Exp4,B6,Exp4_B6,Cab,P16,C,Urban,plut_exp4_b6-0044,45,0.249,0.319,0.304
Pluteus,Exp4,B6,Exp4_B6,Cab,P16,C,Urban,plut_exp4_b6-0045,46,0.224,0.302,0.292
Pluteus,Exp4,B6,Exp4_B6,Cab,P16,C,Urban,plut_exp4_b6-0046,47,0.247,0.331,0.315
Pluteus,Exp4,B6,Exp4_B6,Cab,P16,C,Urban,plut_exp4_b6-0047,48,0.231,0.305,0.294
Pluteus,Exp4,B6,Exp4_B6,Cab,P16,C,Urban,plut_exp4_b6-0049,50,0.248,0.337,0.345
Pluteus,Exp4,B6,Exp4_B6,Cab,P16,C,Urban,plut_exp4_b6-0050,52,0.244,0.307,0.302
Pluteus,Exp4,B6,Exp4_B6,Cab,P16,C,Urban,plut_exp4_b6-0051,53,0.252,0.34,0.337
Pluteus,Exp4,B6,Exp4_B6,Cab,P16,C,Urban,plut_exp4_b6-0054,57,0.256,0.326,0.329
Pluteus,Exp4,B6,Exp4_B6,Cab,P16,C,Urban,plut_exp4_b6-0056,60,0.242,0.325,0.323
Pluteus,Exp4,B6,Exp4_B6,Cab,P16,C,Urban,plut_exp4_b6-0059,63,0.257,0.341,0.337
Pluteus,Exp4,B6,Exp4_B6,Cab,P16,C,Urban,plut_exp4_b6-0063,69,0.264,0.342,0.338
Pluteus,Exp4,B6,Exp4_B6,Cab,P16,C,Urban,plut_exp4_b6-0065,71,0.254,0.352,0.35
Pluteus,Exp4,B6,Exp4_B6,Cab,P16,C,Urban,plut_exp4_b6-0068,75,0.241,0.309,0.319
Pluteus,Exp4,B6,Exp4_B6,Cab,P16,C,Urban,plut_exp4_b6-0070,77,0.242,0.317,0.315
Pluteus,Exp4,B7,Exp4_B7,Trp,P13,NP,Nonurban,plut_exp4_b7-0002,1,0.219,0.323,0.302
Pluteus,Exp4,B7,Exp4_B7,Trp,P13,NP,Nonurban,plut_exp4_b7-0003,2,0.238,0.337,0.338
Pluteus,Exp4,B7,Exp4_B7,Trp,P13,NP,Nonurban,plut_exp4_b7-0006,5,0.219,0.296,0.287
Pluteus,Exp4,B7,Exp4_B7,Trp,P13,NP,Nonurban,plut_exp4_b7-0009,8,0.256,0.347,0.346
Pluteus,Exp4,B7,Exp4_B7,Trp,P13,NP,Nonurban,plut_exp4_b7-0010,9,0.215,,
Pluteus,Exp4,B7,Exp4_B7,Trp,P13,NP,Nonurban,plut_exp4_b7-0011,10,0.238,0.333,0.327
Pluteus,Exp4,B7,Exp4_B7,Trp,P13,NP,Nonurban,plut_exp4_b7-0013,12,0.225,0.315,0.31
Pluteus,Exp4,B7,Exp4_B7,Trp,P13,NP,Nonurban,plut_exp4_b7-0019,18,0.223,0.313,0.322
Pluteus,Exp4,B7,Exp4_B7,Trp,P13,NP,Nonurban,plut_exp4_b7-0020,19,0.252,0.348,0.343
Pluteus,Exp4,B7,Exp4_B7,Trp,P13,NP,Nonurban,plut_exp4_b7-0022,21,0.257,0.326,0.321
Pluteus,Exp4,B7,Exp4_B7,Trp,P13,NP,Nonurban,plut_exp4_b7-0024,23,0.224,0.31,0.306
Pluteus,Exp4,B7,Exp4_B7,Trp,P13,NP,Nonurban,plut_exp4_b7-0025,24,0.235,0.335,0.338
Pluteus,Exp4,B7,Exp4_B7,Trp,P13,NP,Nonurban,plut_exp4_b7-0027,26,0.236,0.347,0.349
Pluteus,Exp4,B7,Exp4_B7,Trp,P13,NP,Nonurban,plut_exp4_b7-0032,31,0.255,0.344,0.344
Pluteus,Exp4,B7,Exp4_B7,Trp,P13,NP,Nonurban,plut_exp4_b7-0035,35,0.253,0.347,0.348
Pluteus,Exp4,B7,Exp4_B7,Trp,P13,NP,Nonurban,plut_exp4_b7-0040,41,0.259,0.359,0.354
Pluteus,Exp4,B7,Exp4_B7,Trp,P13,NP,Nonurban,plut_exp4_b7-0044,45,0.211,0.293,0.279
Pluteus,Exp4,B7,Exp4_B7,Trp,P13,NP,Nonurban,plut_exp4_b7-0046,47,0.25,0.337,0.341
Pluteus,Exp4,B7,Exp4_B7,Trp,P13,NP,Nonurban,plut_exp4_b7-0049,50,0.226,0.299,0.297
Pluteus,Exp4,B9,Exp4_B9,Cab,P15,NP,Urban,plut_exp4_b9-0009,8,0.248,0.342,0.332
Pluteus,Exp4,B9,Exp4_B9,Cab,P15,NP,Urban,plut_exp4_b9-0010,9,0.211,0.289,0.257
Pluteus,Exp4,B9,Exp4_B9,Cab,P15,NP,Urban,plut_exp4_b9-0011,10,0.253,0.323,0.316
Pluteus,Exp4,B9,Exp4_B9,Cab,P15,NP,Urban,plut_exp4_b9-0015,14,0.242,0.292,0.308
Pluteus,Exp4,B9,Exp4_B9,Cab,P15,NP,Urban,plut_exp4_b9-0016,15,0.22,0.299,0.305
Pluteus,Exp4,B9,Exp4_B9,Cab,P15,NP,Urban,plut_exp4_b9-0019,18,0.272,0.341,0.35
Pluteus,Exp4,B9,Exp4_B9,Cab,P15,NP,Urban,plut_exp4_b9-0026,25,0.27,0.343,0.338
Pluteus,Exp4,B9,Exp4_B9,Cab,P15,NP,Urban,plut_exp4_b9-0029,29,0.23,0.314,0.295
Pluteus,Exp4,B9,Exp4_B9,Cab,P15,NP,Urban,plut_exp4_b9-0030,30,0.222,0.259,0.285
Pluteus,Exp4,B9,Exp4_B9,Cab,P15,NP,Urban,plut_exp4_b9-0032,33,0.221,,
Pluteus,Exp4,B9,Exp4_B9,Cab,P15,NP,Urban,plut_exp4_b9-0034,35,0.271,0.352,0.354
Pluteus,Exp4,B9,Exp4_B9,Cab,P15,NP,Urban,plut_exp4_b9-0036,39,0.237,0.315,0.315
Pluteus,Exp4,B9,Exp4_B9,Cab,P15,NP,Urban,plut_exp4_b9-0037,40,0.246,0.325,0.34
Pluteus,Exp4,B9,Exp4_B9,Cab,P15,NP,Urban,plut_exp4_b9-0038,41,0.263,0.344,0.343
Pluteus,Exp4,B9,Exp4_B9,Cab,P15,NP,Urban,plut_exp4_b9-0043,46,0.24,0.308,0.296
Pluteus,Exp4,B9,Exp4_B9,Cab,P15,NP,Urban,plut_exp4_b9-0050,53,0.253,0.322,0.337
Pluteus,Exp4,B9,Exp4_B9,Cab,P15,NP,Urban,plut_exp4_b9-0053,57,0.271,0.353,0.352
Pluteus,Exp4,B9,Exp4_B9,Cab,P15,NP,Urban,plut_exp4_b9-0055,59,0.221,0.287,0.286
Pluteus,Exp4,B9,Exp4_B9,Cab,P15,NP,Urban,plut_exp4_b9-0057,62,0.229,0.315,0.284
Pluteus,Exp4,B9,Exp4_B9,Cab,P15,NP,Urban,plut_exp4_b9-0058,63,0.235,0.3,0.337
Pluteus,Exp4,B9,Exp4_B9,Cab,P15,NP,Urban,plut_exp4_b9-0060,65,0.222,0.275,0.279
Pluteus,Exp4,B9,Exp4_B9,Cab,P15,NP,Urban,plut_exp4_b9-0061,66,0.23,0.315,0.306
Pluteus,Exp4,B9,Exp4_B9,Cab,P15,NP,Urban,plut_exp4_b9-0062,67,0.244,0.332,0.332
Pluteus,Exp4,B9,Exp4_B9,Cab,P15,NP,Urban,plut_exp4_b9-0063,68,0.282,0.358,0.362
Pluteus,Exp4,B9,Exp4_B9,Cab,P15,NP,Urban,plut_exp4_b9-0071,75,0.25,0.304,0.319
Pluteus,Exp4,B10,Exp4_B10,Wh,P13,NP,Urban,plut_exp4_b10-0003,2,0.265,0.358,0.364
Pluteus,Exp4,B10,Exp4_B10,Wh,P13,NP,Urban,plut_exp4_b10-0006,5,0.234,0.29,0.308
Pluteus,Exp4,B10,Exp4_B10,Wh,P13,NP,Urban,plut_exp4_b10-0007,6,0.211,0.272,0.252
Pluteus,Exp4,B10,Exp4_B10,Wh,P13,NP,Urban,plut_exp4_b10-0010,9,0.246,0.321,0.319
Pluteus,Exp4,B10,Exp4_B10,Wh,P13,NP,Urban,plut_exp4_b10-0011,10,0.268,0.358,0.352
Pluteus,Exp4,B10,Exp4_B10,Wh,P13,NP,Urban,plut_exp4_b10-0014,14,0.246,0.324,0.321
Pluteus,Exp4,B10,Exp4_B10,Wh,P13,NP,Urban,plut_exp4_b10-0015,15,0.268,0.342,0.357
Pluteus,Exp4,B10,Exp4_B10,Wh,P13,NP,Urban,plut_exp4_b10-0017,17,0.269,0.363,0.345
Pluteus,Exp4,B10,Exp4_B10,Wh,P13,NP,Urban,plut_exp4_b10-0022,23,0.261,0.308,0.314
Pluteus,Exp4,B10,Exp4_B10,Wh,P13,NP,Urban,plut_exp4_b10-0027,27,0.261,0.32,0.332
Pluteus,Exp4,B10,Exp4_B10,Wh,P13,NP,Urban,plut_exp4_b10-0031,32,0.234,0.325,0.306
Pluteus,Exp4,B10,Exp4_B10,Wh,P13,NP,Urban,plut_exp4_b10-0032,33,0.255,0.336,0.318
Pluteus,Exp4,B10,Exp4_B10,Wh,P13,NP,Urban,plut_exp4_b10-0033,34,0.24,0.339,0.316
Pluteus,Exp4,B10,Exp4_B10,Wh,P13,NP,Urban,plut_exp4_b10-0034,35,0.203,0.239,0.227
Pluteus,Exp4,B10,Exp4_B10,Wh,P13,NP,Urban,plut_exp4_b10-0038,39,0.231,0.308,0.326
Pluteus,Exp4,B10,Exp4_B10,Wh,P13,NP,Urban,plut_exp4_b10-0039,40,0.271,0.364,0.351
Pluteus,Exp4,B10,Exp4_B10,Wh,P13,NP,Urban,plut_exp4_b10-0043,44,0.255,0.352,0.352
Pluteus,Exp4,B10,Exp4_B10,Wh,P13,NP,Urban,plut_exp4_b10-0051,52,0.248,0.349,0.312
Pluteus,Exp4,B10,Exp4_B10,Wh,P13,NP,Urban,plut_exp4_b10-0054,55,0.241,0.324,0.314
Pluteus,Exp4,B11,Exp4_B11,Cab,P15,C,Urban,plut_exp4_b11-0009,7,0.235,0.28,0.284
Pluteus,Exp4,B11,Exp4_B11,Cab,P15,C,Urban,plut_exp4_b11-0013,12,0.242,0.3,0.298
Pluteus,Exp4,B11,Exp4_B11,Cab,P15,C,Urban,plut_exp4_b11-0014,13,0.237,0.297,0.29
Pluteus,Exp4,B11,Exp4_B11,Cab,P15,C,Urban,plut_exp4_b11-0016,16,0.237,0.274,0.275
Pluteus,Exp4,B11,Exp4_B11,Cab,P15,C,Urban,plut_exp4_b11-0019,19,0.235,0.3,0.286
Pluteus,Exp4,B11,Exp4_B11,Cab,P15,C,Urban,plut_exp4_b11-0023,23,0.232,0.272,0.258
Pluteus,Exp4,B11,Exp4_B11,Cab,P15,C,Urban,plut_exp4_b11-0025,25,0.214,0.271,0.282
Pluteus,Exp4,B11,Exp4_B11,Cab,P15,C,Urban,plut_exp4_b11-0025,26,0.249,0.332,0.325
Pluteus,Exp4,B11,Exp4_B11,Cab,P15,C,Urban,plut_exp4_b11-0026,27,0.189,0.239,0.239
Pluteus,Exp4,B11,Exp4_B11,Cab,P15,C,Urban,plut_exp4_b11-0028,31,0.198,0.236,0.223
Pluteus,Exp4,B11,Exp4_B11,Cab,P15,C,Urban,plut_exp4_b11-0029,32,0.224,0.272,0.279
Pluteus,Exp4,B11,Exp4_B11,Cab,P15,C,Urban,plut_exp4_b11-0032,36,0.207,0.271,0.271
Pluteus,Exp4,B11,Exp4_B11,Cab,P15,C,Urban,plut_exp4_b11-0034,38,0.235,0.308,0.26
Pluteus,Exp4,B11,Exp4_B11,Cab,P15,C,Urban,plut_exp4_b11-0038,43,0.219,0.271,0.289
Pluteus,Exp4,B11,Exp4_B11,Cab,P15,C,Urban,plut_exp4_b11-0040,45,0.222,0.268,0.257
Pluteus,Exp4,B11,Exp4_B11,Cab,P15,C,Urban,plut_exp4_b11-0041,46,0.225,0.285,0.271
Pluteus,Exp4,B11,Exp4_B11,Cab,P15,C,Urban,plut_exp4_b11-0042,47,0.237,0.289,0.302
Pluteus,Exp4,B11,Exp4_B11,Cab,P15,C,Urban,plut_exp4_b11-0045,50,0.214,0.277,0.274
Pluteus,Exp4,B14,Exp4_B14,Trp,P13,C,Nonurban,plut_exp4_b14-0002,1,0.258,0.357,0.352
Pluteus,Exp4,B14,Exp4_B14,Trp,P13,C,Nonurban,plut_exp4_b14-0005,4,0.205,0.248,0.254
Pluteus,Exp4,B14,Exp4_B14,Trp,P13,C,Nonurban,plut_exp4_b14-0006,5,0.253,0.371,0.348
Pluteus,Exp4,B14,Exp4_B14,Trp,P13,C,Nonurban,plut_exp4_b14-0007,6,0.237,0.313,0.327
Pluteus,Exp4,B14,Exp4_B14,Trp,P13,C,Nonurban,plut_exp4_b14-0013,12,0.239,0.344,0.354
Pluteus,Exp4,B14,Exp4_B14,Trp,P13,C,Nonurban,plut_exp4_b14-0015,14,0.25,0.337,0.329
Pluteus,Exp4,B14,Exp4_B14,Trp,P13,C,Nonurban,plut_exp4_b14-0019,18,0.24,0.338,0.338
Pluteus,Exp4,B14,Exp4_B14,Trp,P13,C,Nonurban,plut_exp4_b14-0020,19,0.248,0.339,0.352
Pluteus,Exp4,B14,Exp4_B14,Trp,P13,C,Nonurban,plut_exp4_b14-0021,20,0.243,0.324,0.324
Pluteus,Exp4,B14,Exp4_B14,Trp,P13,C,Nonurban,plut_exp4_b14-0023,22,0.249,0.342,0.327
Pluteus,Exp4,B14,Exp4_B14,Trp,P13,C,Nonurban,plut_exp4_b14-0024,23,0.266,0.359,0.357
Pluteus,Exp4,B14,Exp4_B14,Trp,P13,C,Nonurban,plut_exp4_b14-0024,24,0.254,0.354,0.354
Pluteus,Exp4,B14,Exp4_B14,Trp,P13,C,Nonurban,plut_exp4_b14-0025,25,0.244,0.337,0.35
Pluteus,Exp4,B14,Exp4_B14,Trp,P13,C,Nonurban,plut_exp4_b14-0028,29,0.252,0.335,0.325
Pluteus,Exp4,B14,Exp4_B14,Trp,P13,C,Nonurban,plut_exp4_b14-0030,31,0.259,0.343,0.344
Pluteus,Exp4,B14,Exp4_B14,Trp,P13,C,Nonurban,plut_exp4_b14-0033,34,0.246,0.344,0.333
Pluteus,Exp4,B14,Exp4_B14,Trp,P13,C,Nonurban,plut_exp4_b14-0034,35,0.283,0.396,0.397
Pluteus,Exp4,B14,Exp4_B14,Trp,P13,C,Nonurban,plut_exp4_b14-0035,36,0.261,0.359,0.345
Pluteus,Exp4,B14,Exp4_B14,Trp,P13,C,Nonurban,plut_exp4_b14-0038,39,0.261,0.361,0.383
Pluteus,Exp4,B14,Exp4_B14,Trp,P13,C,Nonurban,plut_exp4_b14-0039,40,0.253,0.361,0.345
Pluteus,Exp4,B14,Exp4_B14,Trp,P13,C,Nonurban,plut_exp4_b14-0040,41,0.246,0.333,0.354
Pluteus,Exp4,B14,Exp4_B14,Trp,P13,C,Nonurban,plut_exp4_b14-0041,42,0.26,0.336,0.346
Pluteus,Exp4,B14,Exp4_B14,Trp,P13,C,Nonurban,plut_exp4_b14-0043,44,0.263,0.36,0.362
Pluteus,Exp4,B14,Exp4_B14,Trp,P13,C,Nonurban,plut_exp4_b14-0045,45,0.208,0.277,0.284
Pluteus,Exp4,B14,Exp4_B14,Trp,P13,C,Nonurban,plut_exp4_b14-0046,46,0.243,0.322,0.345
Pluteus,Exp4,B14,Exp4_B14,Trp,P13,C,Nonurban,plut_exp4_b14-0047,48,0.264,0.351,0.357
Pluteus,Exp4,B14,Exp4_B14,Trp,P13,C,Nonurban,plut_exp4_b14-0049,50,0.275,0.359,0.37
Pluteus,Exp4,B14,Exp4_B14,Trp,P13,C,Nonurban,plut_exp4_b14-0049,51,0.261,0.351,0.344
Pluteus,Exp4,B14,Exp4_B14,Trp,P13,C,Nonurban,plut_exp4_b14-0050,52,0.264,0.379,0.386
Pluteus,Exp4,B15,Exp4_B15,Cab,P13,NP,Urban,plut_exp4_b15-0002,1,0.241,0.314,0.3
Pluteus,Exp4,B15,Exp4_B15,Cab,P13,NP,Urban,plut_exp4_b15-0003,2,0.243,0.327,0.33
Pluteus,Exp4,B15,Exp4_B15,Cab,P13,NP,Urban,plut_exp4_b15-0004,3,0.245,0.305,0.332
Pluteus,Exp4,B15,Exp4_B15,Cab,P13,NP,Urban,plut_exp4_b15-0005,4,0.261,0.358,0.363
Pluteus,Exp4,B15,Exp4_B15,Cab,P13,NP,Urban,plut_exp4_b15-0006,5,0.208,0.257,0.262
Pluteus,Exp4,B15,Exp4_B15,Cab,P13,NP,Urban,plut_exp4_b15-0012,11,0.228,0.282,0.261
Pluteus,Exp4,B15,Exp4_B15,Cab,P13,NP,Urban,plut_exp4_b15-0015,14,0.218,0.302,0.275
Pluteus,Exp4,B15,Exp4_B15,Cab,P13,NP,Urban,plut_exp4_b15-0016,15,0.225,0.287,0.292
Pluteus,Exp4,B15,Exp4_B15,Cab,P13,NP,Urban,plut_exp4_b15-0017,16,0.242,0.334,0.323
Pluteus,Exp4,B15,Exp4_B15,Cab,P13,NP,Urban,plut_exp4_b15-0021,20,0.238,0.345,0.344
Pluteus,Exp4,B15,Exp4_B15,Cab,P13,NP,Urban,plut_exp4_b15-0022,22,0.232,0.306,0.301
Pluteus,Exp4,B15,Exp4_B15,Cab,P13,NP,Urban,plut_exp4_b15-0025,25,0.249,0.313,0.311
Pluteus,Exp4,B15,Exp4_B15,Cab,P13,NP,Urban,plut_exp4_b15-0031,32,0.229,0.336,0.321
Pluteus,Exp4,B15,Exp4_B15,Cab,P13,NP,Urban,plut_exp4_b15-0032,34,0.248,0.342,0.367
Pluteus,Exp4,B15,Exp4_B15,Cab,P13,NP,Urban,plut_exp4_b15-0037,39,0.231,0.319,0.315
Pluteus,Exp4,B15,Exp4_B15,Cab,P13,NP,Urban,plut_exp4_b15-0038,40,0.244,0.336,0.308
Pluteus,Exp4,B15,Exp4_B15,Cab,P13,NP,Urban,plut_exp4_b15-0041,43,0.236,0.328,0.323
Pluteus,Exp4,B15,Exp4_B15,Cab,P13,NP,Urban,plut_exp4_b15-0043,45,0.246,0.32,0.331
Pluteus,Exp4,B15,Exp4_B15,Cab,P13,NP,Urban,plut_exp4_b15-0044,46,0.254,0.348,0.348
Pluteus,Exp4,B15,Exp4_B15,Cab,P13,NP,Urban,plut_exp4_b15-0046,48,0.226,0.303,0.321
Pluteus,Exp4,B15,Exp4_B15,Cab,P13,NP,Urban,plut_exp4_b15-0052,54,0.229,0.321,0.307
Pluteus,Exp4,B15,Exp4_B15,Cab,P13,NP,Urban,plut_exp4_b15-0053,55,0.283,0.36,0.372
Pluteus,Exp4,B17,Exp4_B17,Cab,P16,NP,Urban,plut_exp4_b17-0003,2,0.251,0.346,0.357
Pluteus,Exp4,B17,Exp4_B17,Cab,P16,NP,Urban,plut_exp4_b17-0004,3,0.238,0.341,0.319
Pluteus,Exp4,B17,Exp4_B17,Cab,P16,NP,Urban,plut_exp4_b17-0005,4,0.249,0.35,0.357
Pluteus,Exp4,B17,Exp4_B17,Cab,P16,NP,Urban,plut_exp4_b17-0006,6,0.216,0.337,0.332
Pluteus,Exp4,B17,Exp4_B17,Cab,P16,NP,Urban,plut_exp4_b17-0007,7,0.229,0.325,0.326
Pluteus,Exp4,B17,Exp4_B17,Cab,P16,NP,Urban,plut_exp4_b17-0009,9,0.235,0.306,0.295
Pluteus,Exp4,B17,Exp4_B17,Cab,P16,NP,Urban,plut_exp4_b17-0015,15,0.232,0.335,0.307
Pluteus,Exp4,B17,Exp4_B17,Cab,P16,NP,Urban,plut_exp4_b17-0017,18,0.221,0.304,0.306
Pluteus,Exp4,B17,Exp4_B17,Cab,P16,NP,Urban,plut_exp4_b17-0017,19,0.228,0.295,0.311
Pluteus,Exp4,B17,Exp4_B17,Cab,P16,NP,Urban,plut_exp4_b17-0019,21,0.223,0.297,0.325
Pluteus,Exp4,B17,Exp4_B17,Cab,P16,NP,Urban,plut_exp4_b17-0020,22,0.227,0.318,0.289
Pluteus,Exp4,B17,Exp4_B17,Cab,P16,NP,Urban,plut_exp4_b17-0022,26,0.215,0.292,0.282
Pluteus,Exp4,B17,Exp4_B17,Cab,P16,NP,Urban,plut_exp4_b17-0031,37,0.232,0.322,0.329
Pluteus,Exp4,B17,Exp4_B17,Cab,P16,NP,Urban,plut_exp4_b17-0031,38,0.229,0.315,0.308
Pluteus,Exp4,B17,Exp4_B17,Cab,P16,NP,Urban,plut_exp4_b17-0032,40,0.224,0.32,0.331
Pluteus,Exp4,B17,Exp4_B17,Cab,P16,NP,Urban,plut_exp4_b17-0032,41,0.225,0.335,0.323
Pluteus,Exp4,B17,Exp4_B17,Cab,P16,NP,Urban,plut_exp4_b17-0033,42,0.22,0.295,0.302
Pluteus,Exp4,B17,Exp4_B17,Cab,P16,NP,Urban,plut_exp4_b17-0038,49,0.223,0.281,0.283
Pluteus,Exp4,B17,Exp4_B17,Cab,P16,NP,Urban,plut_exp4_b17-0040,51,0.237,0.327,0.32
Pluteus,Exp4,B17,Exp4_B17,Cab,P16,NP,Urban,plut_exp4_b17-0040,52,0.21,0.297,0.301
Pluteus,Exp4,B17,Exp4_B17,Cab,P16,NP,Urban,plut_exp4_b17-0042,54,0.212,0.315,0.283
Pluteus,Exp4,B17,Exp4_B17,Cab,P16,NP,Urban,plut_exp4_b17-0047,59,0.221,0.324,0.327
Pluteus,Exp4,B17,Exp4_B17,Cab,P16,NP,Urban,plut_exp4_b17-0048,60,0.238,0.343,0.339
Pluteus,Exp4,B17,Exp4_B17,Cab,P16,NP,Urban,plut_exp4_b17-0049,61,0.243,0.317,0.317
Pluteus,Exp4,B17,Exp4_B17,Cab,P16,NP,Urban,plut_exp4_b17-0051,65,0.223,0.279,0.289
Pluteus,Exp4,B17,Exp4_B17,Cab,P16,NP,Urban,plut_exp4_b17-0051,66,0.23,0.338,0.324
Pluteus,Exp4,B17,Exp4_B17,Cab,P16,NP,Urban,plut_exp4_b17-0052,67,0.221,0.282,0.301
Pluteus,Exp4,B17,Exp4_B17,Cab,P16,NP,Urban,plut_exp4_b17-0054,69,0.192,0.261,0.26
Pluteus,Exp4,B17,Exp4_B17,Cab,P16,NP,Urban,plut_exp4_b17-0056,71,0.193,0.289,0.275
Pluteus,Exp4,B17,Exp4_B17,Cab,P16,NP,Urban,plut_exp4_b17-0059,74,0.234,0.328,0.317
Pluteus,Exp4,B17,Exp4_B17,Cab,P16,NP,Urban,plut_exp4_b17-0060,76,0.237,0.34,0.329
Pluteus,Exp4,B17,Exp4_B17,Cab,P16,NP,Urban,plut_exp4_b17-0064,81,0.227,0.317,0.325
Pluteus,Exp4,B17,Exp4_B17,Cab,P16,NP,Urban,plut_exp4_b17-0066,83,0.19,0.265,0.251
Pluteus,Exp4,B17,Exp4_B17,Cab,P16,NP,Urban,plut_exp4_b17-0068,85,0.218,0.315,0.299